FName,Name,FullTag,ShortTag,Type,Category,SubCategory
12x70_Buckshot,12x70 Buckshot,Inventory.Items.Ammunition.Rounds.12x70.Buckshot,Items.Ammunition.Rounds,Items,Ammunition,Rounds
12x70_Slug,12x70 Slug,Inventory.Items.Ammunition.Rounds.12x70.Slug,Items.Ammunition.Rounds,Items,Ammunition,Rounds
45ACP_HS,45ACP HS,Inventory.Items.Ammunition.Rounds.45ACP.HS,Items.Ammunition.Rounds,Items,Ammunition,Rounds
545x39_BP,545x39 BP,Inventory.Items.Ammunition.Rounds.545x39.BP,Items.Ammunition.Rounds,Items,Ammunition,Rounds
545x39_PS,545x39 PS,Inventory.Items.Ammunition.Rounds.545x39.PS,Items.Ammunition.Rounds,Items,Ammunition,Rounds
556x45_FMJ,556x45 FMJ,Inventory.Items.Ammunition.Rounds.556x45.FMJ,Items.Ammunition.Rounds,Items,Ammunition,Rounds
556x45_M855,556x45 M855,Inventory.Items.Ammunition.Rounds.556x45.M855,Items.Ammunition.Rounds,Items,Ammunition,Rounds
57x28_SS198LF,57x28 SS198LF,Inventory.Items.Ammunition.Rounds.57x28.SS198LF,Items.Ammunition.Rounds,Items,Ammunition,Rounds
762x51,762x51,Inventory.Items.Ammunition.Rounds.762x51,Items.Ammunition.Rounds,Items,Ammunition,Rounds
762x39_BP,762x39 BP,Inventory.Items.Ammunition.Rounds.762x39.BP,Items.Ammunition.Rounds,Items,Ammunition,Rounds
762x39_PS,762x39 PS,Inventory.Items.Ammunition.Rounds.762x39.PS,Items.Ammunition.Rounds,Items,Ammunition,Rounds
762x51_M62,762x51 M62,Inventory.Items.Ammunition.Rounds.762x51.M62,Items.Ammunition.Rounds,Items,Ammunition,Rounds
762x51_M80,762x51 M80,Inventory.Items.Ammunition.Rounds.762x51.M80,Items.Ammunition.Rounds,Items,Ammunition,Rounds
762x54_R_PS,762x54 R PS,Inventory.Items.Ammunition.Rounds.762x54.R PS,Items.Ammunition.Rounds,Items,Ammunition,Rounds
9x19_AP6x3,9x19 AP6x3,Inventory.Items.Ammunition.Rounds.9x19.AP6x3,Items.Ammunition.Rounds,Items,Ammunition,Rounds
9x19_PSO,9x19 PSO,Inventory.Items.Ammunition.Rounds.9x19.PSO,Items.Ammunition.Rounds,Items,Ammunition,Rounds
x338_AP,x338 AP,Inventory.Items.Ammunition.Rounds.x338.AP,Items.Ammunition.Rounds,Items,Ammunition,Rounds
AR-15_10x5_Inch_Barrel,AR-15 10x5 Inch Barrel,Inventory.Items.Attachments.Barrel.AR-15 10x5 Inch Barrel,Items.Attachments.Barrel,Items,Attachments,Barrel
AR-15_11x5_Inch_Barrel,AR-15 11x5 Inch Barrel,Inventory.Items.Attachments.Barrel.AR-15 11x5 Inch Barrel,Items.Attachments.Barrel,Items,Attachments,Barrel
AR-15_14x5_Inch_Barrel,AR-15 14x5 Inch Barrel,Inventory.Items.Attachments.Barrel.AR-15 14x5 Inch Barrel,Items.Attachments.Barrel,Items,Attachments,Barrel
AR-15_16_Inch_Barrel,AR-15 16 Inch Barrel,Inventory.Items.Attachments.Barrel.AR-15 16 Inch Barrel,Items.Attachments.Barrel,Items,Attachments,Barrel
AR-15_18_Inch_Barrel,AR-15 18 Inch Barrel,Inventory.Items.Attachments.Barrel.AR-15 18 Inch Barrel,Items.Attachments.Barrel,Items,Attachments,Barrel
AR-15_20_Inch_Barrel,AR-15 20 Inch Barrel,Inventory.Items.Attachments.Barrel.AR-15 20 Inch Barrel,Items.Attachments.Barrel,Items,Attachments,Barrel
AUG_A3_Barrel_15_Inch_Barrel,AUG A3 Barrel 15 Inch Barrel,Inventory.Items.Attachments.Barrel.AUG A3 Barrel 15 Inch Barrel,Items.Attachments.Barrel,Items,Attachments,Barrel
AUG_A3_Barrel_16x4_Inch_Barrel,AUG A3 Barrel 16x4 Inch Barrel,Inventory.Items.Attachments.Barrel.AUG A3 Barrel 16x4 Inch Barrel,Items.Attachments.Barrel,Items,Attachments,Barrel
AUG_A3_Barrel_20_Inch_Barrel,AUG A3 Barrel 20 Inch Barrel,Inventory.Items.Attachments.Barrel.AUG A3 Barrel 20 Inch Barrel,Items.Attachments.Barrel,Items,Attachments,Barrel
FAL_13_Inch_Barrel,FAL 13 Inch Barrel,Inventory.Items.Attachments.Barrel.FAL 13 Inch Barrel,Items.Attachments.Barrel,Items,Attachments,Barrel
FAL_16_Inch_Barrel,FAL 16 Inch Barrel,Inventory.Items.Attachments.Barrel.FAL 16 Inch Barrel,Items.Attachments.Barrel,Items,Attachments,Barrel
FAL_21_Inch_Barrel,FAL 21 Inch Barrel,Inventory.Items.Attachments.Barrel.FAL 21 Inch Barrel,Items.Attachments.Barrel,Items,Attachments,Barrel
Five_Seven_Standard_Barrel,Five Seven Standard Barrel,Inventory.Items.Attachments.Barrel.Five Seven Standard Barrel,Items.Attachments.Barrel,Items,Attachments,Barrel
Five_Seven_Threaded_Barrel,Five Seven Threaded Barrel,Inventory.Items.Attachments.Barrel.Five Seven Threaded Barrel,Items.Attachments.Barrel,Items,Attachments,Barrel
Glock_19_Standard_Barrel,Glock 19 Standard Barrel,Inventory.Items.Attachments.Barrel.Glock 19 Standard Barrel,Items.Attachments.Barrel,Items,Attachments,Barrel
Glock_19_Threaded_Barrel,Glock 19 Threaded Barrel,Inventory.Items.Attachments.Barrel.Glock 19 Threaded Barrel,Items.Attachments.Barrel,Items,Attachments,Barrel
KRISS_Vector_45ACP_12_Inch_Barrel,KRISS Vector 45ACP 12 Inch Barrel,Inventory.Items.Attachments.Barrel.KRISS Vector 45ACP 12 Inch Barrel,Items.Attachments.Barrel,Items,Attachments,Barrel
KRISS_Vector_45ACP_5x5_Inch_Barrel,KRISS Vector 45ACP 5x5 Inch Barrel,Inventory.Items.Attachments.Barrel.KRISS Vector 45ACP 5x5 Inch Barrel,Items.Attachments.Barrel,Items,Attachments,Barrel
KRISS_Vector_45ACP_9_Inch_Barrel,KRISS Vector 45ACP 9 Inch Barrel,Inventory.Items.Attachments.Barrel.KRISS Vector 45ACP 9 Inch Barrel,Items.Attachments.Barrel,Items,Attachments,Barrel
M2_14_inch_Tactical_Barrel,M2 14 inch Tactical Barrel,Inventory.Items.Attachments.Barrel.M2 14 inch Tactical Barrel,Items.Attachments.Barrel,Items,Attachments,Barrel
M2_18x5_inch_Field_Barrel,M2 18x5 inch Field Barrel,Inventory.Items.Attachments.Barrel.M2 18x5 inch Field Barrel,Items.Attachments.Barrel,Items,Attachments,Barrel
M2_18x5_inch_Tactical_Barrel,M2 18x5 inch Tactical Barrel,Inventory.Items.Attachments.Barrel.M2 18x5 inch Tactical Barrel,Items.Attachments.Barrel,Items,Attachments,Barrel
M2_21_inch_Field_Barrel,M2 21 inch Field Barrel,Inventory.Items.Attachments.Barrel.M2 21 inch Field Barrel,Items.Attachments.Barrel,Items,Attachments,Barrel
M700_14_Inch_Barrel,M700 14 Inch Barrel,Inventory.Items.Attachments.Barrel.M700 14 Inch Barrel,Items.Attachments.Barrel,Items,Attachments,Barrel
M700_16_Inch_Barrel,M700 16 Inch Barrel,Inventory.Items.Attachments.Barrel.M700 16 Inch Barrel,Items.Attachments.Barrel,Items,Attachments,Barrel
M700_18_Inch_Barrel,M700 18 Inch Barrel,Inventory.Items.Attachments.Barrel.M700 18 Inch Barrel,Items.Attachments.Barrel,Items,Attachments,Barrel
M700_20_Inch_Barrel,M700 20 Inch Barrel,Inventory.Items.Attachments.Barrel.M700 20 Inch Barrel,Items.Attachments.Barrel,Items,Attachments,Barrel
M700_22_Inch_Barrel,M700 22 Inch Barrel,Inventory.Items.Attachments.Barrel.M700 22 Inch Barrel,Items.Attachments.Barrel,Items,Attachments,Barrel
M700_24_Inch_Barrel,M700 24 Inch Barrel,Inventory.Items.Attachments.Barrel.M700 24 Inch Barrel,Items.Attachments.Barrel,Items,Attachments,Barrel
M700_26_Inch_Barrel,M700 26 Inch Barrel,Inventory.Items.Attachments.Barrel.M700 26 Inch Barrel,Items.Attachments.Barrel,Items,Attachments,Barrel
M700_28_Inch_Barrel,M700 28 Inch Barrel,Inventory.Items.Attachments.Barrel.M700 28 Inch Barrel,Items.Attachments.Barrel,Items,Attachments,Barrel
M700_PGW_Defense_C14_26_Inch_Barrel,M700 PGW Defense C14 26 Inch Barrel,Inventory.Items.Attachments.Barrel.M700 PGW Defense C14 26 Inch Barrel,Items.Attachments.Barrel,Items,Attachments,Barrel
MCX_11x5_Inch_Barrel,MCX 11x5 Inch Barrel,Inventory.Items.Attachments.Barrel.MCX 11x5 Inch Barrel,Items.Attachments.Barrel,Items,Attachments,Barrel
MCX_16_Inch_Barrel,MCX 16 Inch Barrel,Inventory.Items.Attachments.Barrel.MCX 16 Inch Barrel,Items.Attachments.Barrel,Items,Attachments,Barrel
MCX_6x75_Inch_Barrel,MCX 6x75 Inch Barrel,Inventory.Items.Attachments.Barrel.MCX 6x75 Inch Barrel,Items.Attachments.Barrel,Items,Attachments,Barrel
MCX_9_Inch_Barrel,MCX 9 Inch Barrel,Inventory.Items.Attachments.Barrel.MCX 9 Inch Barrel,Items.Attachments.Barrel,Items,Attachments,Barrel
MCX_Rattler_5x5_Inch_Barrel,MCX Rattler 5x5 Inch Barrel,Inventory.Items.Attachments.Barrel.MCX Rattler 5x5 Inch Barrel,Items.Attachments.Barrel,Items,Attachments,Barrel
P320_13x5mm_Barrel,P320 13x5mm Barrel,Inventory.Items.Attachments.Barrel.P320 13x5mm Barrel,Items.Attachments.Barrel,Items,Attachments,Barrel
P320_Compact_Barrel,P320 Compact Barrel,Inventory.Items.Attachments.Barrel.P320 Compact Barrel,Items.Attachments.Barrel,Items,Attachments,Barrel
P320_Threaded_Barrel,P320 Threaded Barrel,Inventory.Items.Attachments.Barrel.P320 Threaded Barrel,Items.Attachments.Barrel,Items,Attachments,Barrel
P90_10x4_Inch_Barrel,P90 10x4 Inch Barrel,Inventory.Items.Attachments.Barrel.P90 10x4 Inch Barrel,Items.Attachments.Barrel,Items,Attachments,Barrel
P90_14x25_Inch_Barrel,P90 14x25 Inch Barrel,Inventory.Items.Attachments.Barrel.P90 14x25 Inch Barrel,Items.Attachments.Barrel,Items,Attachments,Barrel
P90_16_Inch_Barrel,P90 16 Inch Barrel,Inventory.Items.Attachments.Barrel.P90 16 Inch Barrel,Items.Attachments.Barrel,Items,Attachments,Barrel
QSZ-92_Standard_Barrel,QSZ-92 Standard Barrel,Inventory.Items.Attachments.Barrel.QSZ-92 Standard Barrel,Items.Attachments.Barrel,Items,Attachments,Barrel
SCAR-H_16_Inch_Barrel,SCAR-H 16 Inch Barrel,Inventory.Items.Attachments.Barrel.SCAR-H 16 Inch Barrel,Items.Attachments.Barrel,Items,Attachments,Barrel
SCAR-L_Barrel_10_Inch_Barrel,SCAR-L Barrel 10 Inch Barrel,Inventory.Items.Attachments.Barrel.SCAR-L Barrel 10 Inch Barrel,Items.Attachments.Barrel,Items,Attachments,Barrel
SCAR-L_Barrel_14_Inch_Barrel,SCAR-L Barrel 14 Inch Barrel,Inventory.Items.Attachments.Barrel.SCAR-L Barrel 14 Inch Barrel,Items.Attachments.Barrel,Items,Attachments,Barrel
SCAR-L_Barrel_18_Inch_Barrel,SCAR-L Barrel 18 Inch Barrel,Inventory.Items.Attachments.Barrel.SCAR-L Barrel 18 Inch Barrel,Items.Attachments.Barrel,Items,Attachments,Barrel
SRS_A2_16_Inch_Barrel,SRS A2 16 Inch Barrel,Inventory.Items.Attachments.Barrel.SRS A2 16 Inch Barrel,Items.Attachments.Barrel,Items,Attachments,Barrel
SRS_A2_18_Inch_Barrel,SRS A2 18 Inch Barrel,Inventory.Items.Attachments.Barrel.SRS A2 18 Inch Barrel,Items.Attachments.Barrel,Items,Attachments,Barrel
SRS_A2_22_Inch_Barrel,SRS A2 22 Inch Barrel,Inventory.Items.Attachments.Barrel.SRS A2 22 Inch Barrel,Items.Attachments.Barrel,Items,Attachments,Barrel
SRS_A2_24_Inch_Barrel,SRS A2 24 Inch Barrel,Inventory.Items.Attachments.Barrel.SRS A2 24 Inch Barrel,Items.Attachments.Barrel,Items,Attachments,Barrel
SRS_A2_26_Inch_Barrel,SRS A2 26 Inch Barrel,Inventory.Items.Attachments.Barrel.SRS A2 26 Inch Barrel,Items.Attachments.Barrel,Items,Attachments,Barrel
VR80_20_Inch_Barrel,VR80 20 Inch Barrel,Inventory.Items.Attachments.Barrel.VR80 20 Inch Barrel,Items.Attachments.Barrel,Items,Attachments,Barrel
VR80_Barrel_Nut,VR80 Barrel Nut,Inventory.Items.Attachments.Barrel.VR80 Barrel Nut,Items.Attachments.Barrel,Items,Attachments,Barrel
VR80_Barrel_Shroud,VR80 Barrel Shroud,Inventory.Items.Attachments.Barrel.VR80 Barrel Shroud,Items.Attachments.Barrel,Items,Attachments,Barrel
AK_Izhmash_Dust_Cover,AK Izhmash Dust Cover,Inventory.Items.Attachments.Dust Cover.AK Izhmash Dust Cover,Items.Attachments.Dust Cover,Items,Attachments,Dust Cover
AK_SAG_MK3_Krink_Dust_Cover,AK SAG MK3 Krink Dust Cover,Inventory.Items.Attachments.Dust Cover.AK SAG MK3 Krink Dust Cover,Items.Attachments.Dust Cover,Items,Attachments,Dust Cover
AK_SAG_MK3_Upper_Rail_Dust_Cover,AK SAG MK3 Upper Rail Dust Cover,Inventory.Items.Attachments.Dust Cover.AK SAG MK3 Upper Rail Dust Cover,Items.Attachments.Dust Cover,Items,Attachments,Dust Cover
AK_Zenitco_B-33_Dust_Cover,AK Zenitco B-33 Dust Cover,Inventory.Items.Attachments.Dust Cover.AK Zenitco B-33 Dust Cover,Items.Attachments.Dust Cover,Items,Attachments,Dust Cover
AK-12_Dust_Cover,AK-12 Dust Cover,Inventory.Items.Attachments.Dust Cover.AK-12 Dust Cover,Items.Attachments.Dust Cover,Items,Attachments,Dust Cover
AKM_Dust_Cover,AKM Dust Cover,Inventory.Items.Attachments.Dust Cover.AKM Dust Cover,Items.Attachments.Dust Cover,Items,Attachments,Dust Cover
AKS-74U_Dust_Cover,AKS-74U Dust Cover,Inventory.Items.Attachments.Dust Cover.AKS-74U Dust Cover,Items.Attachments.Dust Cover,Items,Attachments,Dust Cover
FAL_Advanced_Dust_Cover,FAL Advanced Dust Cover,Inventory.Items.Attachments.Dust Cover.FAL Advanced Dust Cover,Items.Attachments.Dust Cover,Items,Attachments,Dust Cover
FAL_Standard_Dust_Cover,FAL Standard Dust Cover,Inventory.Items.Attachments.Dust Cover.FAL Standard Dust Cover,Items.Attachments.Dust Cover,Items,Attachments,Dust Cover
PP-19_Dust_Cover,PP-19 Dust Cover,Inventory.Items.Attachments.Dust Cover.PP-19 Dust Cover,Items.Attachments.Dust Cover,Items,Attachments,Dust Cover
QBZ-97_Carry_Handle,QBZ-97 Carry Handle,Inventory.Items.Attachments.Dust Cover.QBZ-97 Carry Handle,Items.Attachments.Dust Cover,Items,Attachments,Dust Cover
QBZ-97_Longbow_Carry_Handle,QBZ-97 Longbow Carry Handle,Inventory.Items.Attachments.Dust Cover.QBZ-97 Longbow Carry Handle,Items.Attachments.Dust Cover,Items,Attachments,Dust Cover
AUG_Vertical_Foregrip,AUG Vertical Foregrip,Inventory.Items.Attachments.Foregrip.AUG Vertical Foregrip,Items.Attachments.Foregrip,Items,Attachments,Foregrip
BCM_Gunfighter_Mod3_Foregrip,BCM Gunfighter Mod3 Foregrip,Inventory.Items.Attachments.Foregrip.BCM Gunfighter Mod3 Foregrip,Items.Attachments.Foregrip,Items,Attachments,Foregrip
BT_QuickDetach_Unigrip,BT QuickDetach Unigrip,Inventory.Items.Attachments.Foregrip.BT QuickDetach Unigrip,Items.Attachments.Foregrip,Items,Attachments,Foregrip
Daniel_Defense_M-LOK_Vertical_Foregrip,Daniel Defense M-LOK Vertical Foregrip,Inventory.Items.Attachments.Foregrip.Daniel Defense M-LOK Vertical Foregrip,Items.Attachments.Foregrip,Items,Attachments,Foregrip
Daniel_Defense_Picatinny_Foregrip,Daniel Defense Picatinny Foregrip,Inventory.Items.Attachments.Foregrip.Daniel Defense Picatinny Foregrip,Items.Attachments.Foregrip,Items,Attachments,Foregrip
Fortis_SHIFT_Short_M-LOK_Angled_Foregrip,Fortis SHIFT Short M-LOK Angled Foregrip,Inventory.Items.Attachments.Foregrip.Fortis SHIFT Short M-LOK Angled Foregrip,Items.Attachments.Foregrip,Items,Attachments,Foregrip
Fortis_SHIFT_Vertical_Foregrip,Fortis SHIFT Vertical Foregrip,Inventory.Items.Attachments.Foregrip.Fortis SHIFT Vertical Foregrip,Items.Attachments.Foregrip,Items,Attachments,Foregrip
IMI_Defense_FSG2_Foregrip,IMI Defense FSG2 Foregrip,Inventory.Items.Attachments.Foregrip.IMI Defense FSG2 Foregrip,Items.Attachments.Foregrip,Items,Attachments,Foregrip
Kingarms_Lite_Angled_Grip,Kingarms Lite Angled Grip,Inventory.Items.Attachments.Foregrip.Kingarms Lite Angled Grip,Items.Attachments.Foregrip,Items,Attachments,Foregrip
Magpul_MOE_RVG_Forerip,Magpul MOE RVG Forerip,Inventory.Items.Attachments.Foregrip.Magpul MOE RVG Forerip,Items.Attachments.Foregrip,Items,Attachments,Foregrip
Magpul_MVG_M-LOK_FDE_Vertical_Grip,Magpul MVG M-LOK FDE Vertical Grip,Inventory.Items.Attachments.Foregrip.Magpul MVG M-LOK FDE Vertical Grip,Items.Attachments.Foregrip,Items,Attachments,Foregrip
Stark_SE3_Foregrip,Stark SE3 Foregrip,Inventory.Items.Attachments.Foregrip.Stark SE3 Foregrip,Items.Attachments.Foregrip,Items,Attachments,Foregrip
STV-380_Handguard_Panel,STV-380 Handguard Panel,Inventory.Items.Attachments.Foregrip.STV-380 Handguard Panel,Items.Attachments.Foregrip,Items,Attachments,Foregrip
TangoDown_Stubby_Vertical_Foregrip,TangoDown Stubby Vertical Foregrip,Inventory.Items.Attachments.Foregrip.TangoDown Stubby Vertical Foregrip,Items.Attachments.Foregrip,Items,Attachments,Foregrip
Troy_Modular_Combat_Grip,Troy Modular Combat Grip,Inventory.Items.Attachments.Foregrip.Troy Modular Combat Grip,Items.Attachments.Foregrip,Items,Attachments,Foregrip
AK-74_Gas_Tube,AK-74 Gas Tube,Inventory.Items.Attachments.Gas Tube.AK-74 Gas Tube,Items.Attachments.Gas Tube,Items,Attachments,Gas Tube
AKS-74U_Gas_Tube,AKS-74U Gas Tube,Inventory.Items.Attachments.Gas Tube.AKS-74U Gas Tube,Items.Attachments.Gas Tube,Items,Attachments,Gas Tube
Daniel_Defense_MK12_Low_Profile_Gas_Block,Daniel Defense MK12 Low Profile Gas Block,Inventory.Items.Attachments.Gas Tube.Daniel Defense MK12 Low Profile Gas Block,Items.Attachments.Gas Tube,Items,Attachments,Gas Tube
M4A1_Front_Sight_With_Gas_Block,M4A1 Front Sight With Gas Block,Inventory.Items.Attachments.Gas Tube.M4A1 Front Sight With Gas Block,Items.Attachments.Gas Tube,Items,Attachments,Gas Tube
MCX_Long_Gas_Tube,MCX Long Gas Tube,Inventory.Items.Attachments.Gas Tube.MCX Long Gas Tube,Items.Attachments.Gas Tube,Items,Attachments,Gas Tube
MCX_Short_Gas_Tube,MCX Short Gas Tube,Inventory.Items.Attachments.Gas Tube.MCX Short Gas Tube,Items.Attachments.Gas Tube,Items,Attachments,Gas Tube
PP-19_Gas_Tube,PP-19 Gas Tube,Inventory.Items.Attachments.Gas Tube.PP-19 Gas Tube,Items.Attachments.Gas Tube,Items,Attachments,Gas Tube
RPK-74_Gas_Tube,RPK-74 Gas Tube,Inventory.Items.Attachments.Gas Tube.RPK-74 Gas Tube,Items.Attachments.Gas Tube,Items,Attachments,Gas Tube
SVDS_Gas_Tube,SVDS Gas Tube,Inventory.Items.Attachments.Gas Tube.SVDS Gas Tube,Items.Attachments.Gas Tube,Items,Attachments,Gas Tube
AK_Izhmash_Polymer_Handguard,AK Izhmash Polymer Handguard,Inventory.Items.Attachments.Handguard.AK Izhmash Polymer Handguard,Items.Attachments.Handguard,Items,Attachments,Handguard
AK_Magpul_MOE_M-LOK_FDE_Hanguard,AK Magpul MOE M-LOK FDE Hanguard,Inventory.Items.Attachments.Handguard.AK Magpul MOE M-LOK FDE Hanguard,Items.Attachments.Handguard,Items,Attachments,Handguard
AK_SAG_MK1_Handguard,AK SAG MK1 Handguard,Inventory.Items.Attachments.Handguard.AK SAG MK1 Handguard,Items.Attachments.Handguard,Items,Attachments,Handguard
AK_SAG_MK2x1_Handguard,AK SAG MK2x1 Handguard,Inventory.Items.Attachments.Handguard.AK SAG MK2x1 Handguard,Items.Attachments.Handguard,Items,Attachments,Handguard
AK_SAG_MK3_Lower_M-LOK_Handguard,AK SAG MK3 Lower M-LOK Handguard,Inventory.Items.Attachments.Handguard.AK SAG MK3 Lower M-LOK Handguard,Items.Attachments.Handguard,Items,Attachments,Handguard
AK_SAG_MK3_Lower_Rail_Handguard,AK SAG MK3 Lower Rail Handguard,Inventory.Items.Attachments.Handguard.AK SAG MK3 Lower Rail Handguard,Items.Attachments.Handguard,Items,Attachments,Handguard
AK_Zenitco_B-10_Handguard,AK Zenitco B-10 Handguard,Inventory.Items.Attachments.Handguard.AK Zenitco B-10 Handguard,Items.Attachments.Handguard,Items,Attachments,Handguard
AK_Zenitco_B-11_Handguard,AK Zenitco B-11 Handguard,Inventory.Items.Attachments.Handguard.AK Zenitco B-11 Handguard,Items.Attachments.Handguard,Items,Attachments,Handguard
AK_Zenitco_B-30_Handguard,AK Zenitco B-30 Handguard,Inventory.Items.Attachments.Handguard.AK Zenitco B-30 Handguard,Items.Attachments.Handguard,Items,Attachments,Handguard
AK-12_Polymer_Handguard,AK-12 Polymer Handguard,Inventory.Items.Attachments.Handguard.AK-12 Polymer Handguard,Items.Attachments.Handguard,Items,Attachments,Handguard
AKS-74U_Alfa_Arms_Goliaf_Handguard,AKS-74U Alfa Arms Goliaf Handguard,Inventory.Items.Attachments.Handguard.AKS-74U Alfa Arms Goliaf Handguard,Items.Attachments.Handguard,Items,Attachments,Handguard
AKS-74U_Wooden_Handguard,AKS-74U Wooden Handguard,Inventory.Items.Attachments.Handguard.AKS-74U Wooden Handguard,Items.Attachments.Handguard,Items,Attachments,Handguard
AR-15_Colt_A2_Handguard,AR-15 Colt A2 Handguard,Inventory.Items.Attachments.Handguard.AR-15 Colt A2 Handguard,Items.Attachments.Handguard,Items,Attachments,Handguard
AR-15_Daniel_Defense_RIS_II_9x5_Handguard,AR-15 Daniel Defense RIS II 9x5 Handguard,Inventory.Items.Attachments.Handguard.AR-15 Daniel Defense RIS II 9x5 Handguard,Items.Attachments.Handguard,Items,Attachments,Handguard
AR-15_Geissele_MK16_M-LOK_10x5_Inch_Handguard,AR-15 Geissele MK16 M-LOK 10x5 Inch Handguard,Inventory.Items.Attachments.Handguard.AR-15 Geissele MK16 M-LOK 10x5 Inch Handguard,Items.Attachments.Handguard,Items,Attachments,Handguard
AR-15_Geissele_MK16_M-LOK_13x5_Inch_Handguard,AR-15 Geissele MK16 M-LOK 13x5 Inch Handguard,Inventory.Items.Attachments.Handguard.AR-15 Geissele MK16 M-LOK 13x5 Inch Handguard,Items.Attachments.Handguard,Items,Attachments,Handguard
AR-15_Geissele_MK16_M-LOK_9x3_Inch_Handguard,AR-15 Geissele MK16 M-LOK 9x3 Inch Handguard,Inventory.Items.Attachments.Handguard.AR-15 Geissele MK16 M-LOK 9x3 Inch Handguard,Items.Attachments.Handguard,Items,Attachments,Handguard
AR-15_Geissele_MK8_M-LOK_13_Inch_Handguard,AR-15 Geissele MK8 M-LOK 13 Inch Handguard,Inventory.Items.Attachments.Handguard.AR-15 Geissele MK8 M-LOK 13 Inch Handguard,Items.Attachments.Handguard,Items,Attachments,Handguard
AR-15_Geissele_MK8_M-LOK_7_Inch_Handguard,AR-15 Geissele MK8 M-LOK 7 Inch Handguard,Inventory.Items.Attachments.Handguard.AR-15 Geissele MK8 M-LOK 7 Inch Handguard,Items.Attachments.Handguard,Items,Attachments,Handguard
AR-15_Geissele_MK8_M-LOK_9x5_Inch_Handguard,AR-15 Geissele MK8 M-LOK 9x5 Inch Handguard,Inventory.Items.Attachments.Handguard.AR-15 Geissele MK8 M-LOK 9x5 Inch Handguard,Items.Attachments.Handguard,Items,Attachments,Handguard
AR-15_KAC_URX_4_10x75_Inch_Handguard,AR-15 KAC URX 4 10x75 Inch Handguard,Inventory.Items.Attachments.Handguard.AR-15 KAC URX 4 10x75 Inch Handguard,Items.Attachments.Handguard,Items,Attachments,Handguard
AR-15_KAC_URX_4_14_Inch_Handguard,AR-15 KAC URX 4 14 Inch Handguard,Inventory.Items.Attachments.Handguard.AR-15 KAC URX 4 14 Inch Handguard,Items.Attachments.Handguard,Items,Attachments,Handguard
AR-15_KAC_URX_4_8x5_Inch_Handguard,AR-15 KAC URX 4 8x5 Inch Handguard,Inventory.Items.Attachments.Handguard.AR-15 KAC URX 4 8x5 Inch Handguard,Items.Attachments.Handguard,Items,Attachments,Handguard
AUG_A3_Handguard,AUG A3 Handguard,Inventory.Items.Attachments.Handguard.AUG A3 Handguard,Items.Attachments.Handguard,Items,Attachments,Handguard
CAF_WASR_Wooden_Handguard,CAF WASR Wooden Handguard,Inventory.Items.Attachments.Handguard.CAF WASR Wooden Handguard,Items.Attachments.Handguard,Items,Attachments,Handguard
FAL_M-LOK_Short_Handguard,FAL M-LOK Short Handguard,Inventory.Items.Attachments.Handguard.FAL M-LOK Short Handguard,Items.Attachments.Handguard,Items,Attachments,Handguard
FAL_Quad_Rail_Handguard,FAL Quad Rail Handguard,Inventory.Items.Attachments.Handguard.FAL Quad Rail Handguard,Items.Attachments.Handguard,Items,Attachments,Handguard
FAL_Standard_Handguard,FAL Standard Handguard,Inventory.Items.Attachments.Handguard.FAL Standard Handguard,Items.Attachments.Handguard,Items,Attachments,Handguard
FAL_VLTOR_Short_Handguard,FAL VLTOR Short Handguard,Inventory.Items.Attachments.Handguard.FAL VLTOR Short Handguard,Items.Attachments.Handguard,Items,Attachments,Handguard
KRISS_Vector_11_Inch_Handguard,KRISS Vector 11 Inch Handguard,Inventory.Items.Attachments.Handguard.KRISS Vector 11 Inch Handguard,Items.Attachments.Handguard,Items,Attachments,Handguard
KRISS_Vector_MK1_Handguard,KRISS Vector MK1 Handguard,Inventory.Items.Attachments.Handguard.KRISS Vector MK1 Handguard,Items.Attachments.Handguard,Items,Attachments,Handguard
M2_Agency_Arms_Benelli_M-LOK_Handguard,M2 Agency Arms Benelli M-LOK Handguard,Inventory.Items.Attachments.Handguard.M2 Agency Arms Benelli M-LOK Handguard,Items.Attachments.Handguard,Items,Attachments,Handguard
M2_Field_Handguard,M2 Field Handguard,Inventory.Items.Attachments.Handguard.M2 Field Handguard,Items.Attachments.Handguard,Items,Attachments,Handguard
M700_MDT_ESS_12_Inch_Handguard,M700 MDT ESS 12 Inch Handguard,Inventory.Items.Attachments.Handguard.M700 MDT ESS 12 Inch Handguard,Items.Attachments.Handguard,Items,Attachments,Handguard
M700_MDT_ESS_15_Inch_Handguard,M700 MDT ESS 15 Inch Handguard,Inventory.Items.Attachments.Handguard.M700 MDT ESS 15 Inch Handguard,Items.Attachments.Handguard,Items,Attachments,Handguard
M700_MDT_ESS_18_Inch_Handguard,M700 MDT ESS 18 Inch Handguard,Inventory.Items.Attachments.Handguard.M700 MDT ESS 18 Inch Handguard,Items.Attachments.Handguard,Items,Attachments,Handguard
MCX_10_Inch_Handguard,MCX 10 Inch Handguard,Inventory.Items.Attachments.Handguard.MCX 10 Inch Handguard,Items.Attachments.Handguard,Items,Attachments,Handguard
MCX_12_Inch_Handguard,MCX 12 Inch Handguard,Inventory.Items.Attachments.Handguard.MCX 12 Inch Handguard,Items.Attachments.Handguard,Items,Attachments,Handguard
MCX_16_Inch_Handguard,MCX 16 Inch Handguard,Inventory.Items.Attachments.Handguard.MCX 16 Inch Handguard,Items.Attachments.Handguard,Items,Attachments,Handguard
MCX_8_Inch_Handguard,MCX 8 Inch Handguard,Inventory.Items.Attachments.Handguard.MCX 8 Inch Handguard,Items.Attachments.Handguard,Items,Attachments,Handguard
MCX_Canebrake_Handguard,MCX Canebrake Handguard,Inventory.Items.Attachments.Handguard.MCX Canebrake Handguard,Items.Attachments.Handguard,Items,Attachments,Handguard
MCX_Rattler_Handguard,MCX Rattler Handguard,Inventory.Items.Attachments.Handguard.MCX Rattler Handguard,Items.Attachments.Handguard,Items,Attachments,Handguard
MCX_SD_10_Inch_Handguard,MCX SD 10 Inch Handguard,Inventory.Items.Attachments.Handguard.MCX SD 10 Inch Handguard,Items.Attachments.Handguard,Items,Attachments,Handguard
MCX_SD_12_Inch_Handguard,MCX SD 12 Inch Handguard,Inventory.Items.Attachments.Handguard.MCX SD 12 Inch Handguard,Items.Attachments.Handguard,Items,Attachments,Handguard
MCX_SD_16_Inch_Handguard,MCX SD 16 Inch Handguard,Inventory.Items.Attachments.Handguard.MCX SD 16 Inch Handguard,Items.Attachments.Handguard,Items,Attachments,Handguard
MP5_ICS_With_Flashlight_Handguard,MP5 ICS With Flashlight Handguard,Inventory.Items.Attachments.Handguard.MP5 ICS With Flashlight Handguard,Items.Attachments.Handguard,Items,Attachments,Handguard
MP5_Polymer_Handguard,MP5 Polymer Handguard,Inventory.Items.Attachments.Handguard.MP5 Polymer Handguard,Items.Attachments.Handguard,Items,Attachments,Handguard
MP5_PTR_Tri-Rail_Handguard,MP5 PTR Tri-Rail Handguard,Inventory.Items.Attachments.Handguard.MP5 PTR Tri-Rail Handguard,Items.Attachments.Handguard,Items,Attachments,Handguard
MP5_Slim_Polymer_Handguard,MP5 Slim Polymer Handguard,Inventory.Items.Attachments.Handguard.MP5 Slim Polymer Handguard,Items.Attachments.Handguard,Items,Attachments,Handguard
MP5K_M-LOK_Handguard,MP5K M-LOK Handguard,Inventory.Items.Attachments.Handguard.MP5K M-LOK Handguard,Items.Attachments.Handguard,Items,Attachments,Handguard
MP5K_Polymer_Handguard,MP5K Polymer Handguard,Inventory.Items.Attachments.Handguard.MP5K Polymer Handguard,Items.Attachments.Handguard,Items,Attachments,Handguard
MP5K_Polymer_With_Foregrip_Handguard,MP5K Polymer With Foregrip Handguard,Inventory.Items.Attachments.Handguard.MP5K Polymer With Foregrip Handguard,Items.Attachments.Handguard,Items,Attachments,Handguard
P90_DHD_M-LOK_Handguard,P90 DHD M-LOK Handguard,Inventory.Items.Attachments.Handguard.P90 DHD M-LOK Handguard,Items.Attachments.Handguard,Items,Attachments,Handguard
P90_Quad_Rail_Handguard,P90 Quad Rail Handguard,Inventory.Items.Attachments.Handguard.P90 Quad Rail Handguard,Items.Attachments.Handguard,Items,Attachments,Handguard
PP-19_Polymer_Hanguard,PP-19 Polymer Hanguard,Inventory.Items.Attachments.Handguard.PP-19 Polymer Hanguard,Items.Attachments.Handguard,Items,Attachments,Handguard
RPK-74_Polymer_Handguard,RPK-74 Polymer Handguard,Inventory.Items.Attachments.Handguard.RPK-74 Polymer Handguard,Items.Attachments.Handguard,Items,Attachments,Handguard
SRS_A2_Covert_Handguard,SRS A2 Covert Handguard,Inventory.Items.Attachments.Handguard.SRS A2 Covert Handguard,Items.Attachments.Handguard,Items,Attachments,Handguard
SRS_A2_Full_Handguard,SRS A2 Full Handguard,Inventory.Items.Attachments.Handguard.SRS A2 Full Handguard,Items.Attachments.Handguard,Items,Attachments,Handguard
SVDS_Polymer_Handguard,SVDS Polymer Handguard,Inventory.Items.Attachments.Handguard.SVDS Polymer Handguard,Items.Attachments.Handguard,Items,Attachments,Handguard
VR80_Handguard,VR80 Handguard,Inventory.Items.Attachments.Handguard.VR80 Handguard,Items.Attachments.Handguard,Items,Attachments,Handguard
AK_545x39_30rnd,AK 545x39 30rnd,Inventory.Items.Attachments.Mag.AK 545x39 30rnd,Items.Attachments.Mag,Items,Attachments,Mag
AK_545x39_45rnd,AK 545x39 45rnd,Inventory.Items.Attachments.Mag.AK 545x39 45rnd,Items.Attachments.Mag,Items,Attachments,Mag
AK_545x39_60rnd,AK 545x39 60rnd,Inventory.Items.Attachments.Mag.AK 545x39 60rnd,Items.Attachments.Mag,Items,Attachments,Mag
AK_545x39_Bakelite_30rnd,AK 545x39 Bakelite 30rnd,Inventory.Items.Attachments.Mag.AK 545x39 Bakelite 30rnd,Items.Attachments.Mag,Items,Attachments,Mag
AK_545x39_Drum_95rnd,AK 545x39 Drum 95rnd,Inventory.Items.Attachments.Mag.AK 545x39 Drum 95rnd,Items.Attachments.Mag,Items,Attachments,Mag
AK_556x45_30rnd,AK 556x45 30rnd,Inventory.Items.Attachments.Mag.AK 556x45 30rnd,Items.Attachments.Mag,Items,Attachments,Mag
AK_556x45_45rnd,AK 556x45 45rnd,Inventory.Items.Attachments.Mag.AK 556x45 45rnd,Items.Attachments.Mag,Items,Attachments,Mag
AK_556x45_Black_30rnd,AK 556x45 Black 30rnd,Inventory.Items.Attachments.Mag.AK 556x45 Black 30rnd,Items.Attachments.Mag,Items,Attachments,Mag
AK_762x39_20rnd,AK 762x39 20rnd,Inventory.Items.Attachments.Mag.AK 762x39 20rnd,Items.Attachments.Mag,Items,Attachments,Mag
AK_762x39_Bakelite_30rnd,AK 762x39 Bakelite 30rnd,Inventory.Items.Attachments.Mag.AK 762x39 Bakelite 30rnd,Items.Attachments.Mag,Items,Attachments,Mag
AK12_545x39_30rnd,AK12 545x39 30rnd,Inventory.Items.Attachments.Mag.AK12 545x39 30rnd,Items.Attachments.Mag,Items,Attachments,Mag
AR-15_Colt_A2_Stanag_556x45_20rnd,AR-15 Colt A2 Stanag 556x45 20rnd,Inventory.Items.Attachments.Mag.AR-15 Colt A2 Stanag 556x45 20rnd,Items.Attachments.Mag,Items,Attachments,Mag
AR-15_Colt_A2_Stanag_556x45_30Rnd,AR-15 Colt A2 Stanag 556x45 30Rnd,Inventory.Items.Attachments.Mag.AR-15 Colt A2 Stanag 556x45 30Rnd,Items.Attachments.Mag,Items,Attachments,Mag
AR-15_MagPul_PMAG_556x45_60rnd,AR-15 MagPul PMAG 556x45 60rnd,Inventory.Items.Attachments.Mag.AR-15 MagPul PMAG 556x45 60rnd,Items.Attachments.Mag,Items,Attachments,Mag
AR-15_SureFire_MAG5_Stanag_556x45_60Rnd,AR-15 SureFire MAG5 Stanag 556x45 60Rnd,Inventory.Items.Attachments.Mag.AR-15 SureFire MAG5 Stanag 556x45 60Rnd,Items.Attachments.Mag,Items,Attachments,Mag
AUG_556x45_30rnd,AUG 556x45 30rnd,Inventory.Items.Attachments.Mag.AUG 556x45 30rnd,Items.Attachments.Mag,Items,Attachments,Mag
AUG_556x45_42rnd,AUG 556x45 42rnd,Inventory.Items.Attachments.Mag.AUG 556x45 42rnd,Items.Attachments.Mag,Items,Attachments,Mag
FAL_762x51_20rnd,FAL 762x51 20rnd,Inventory.Items.Attachments.Mag.FAL 762x51 20rnd,Items.Attachments.Mag,Items,Attachments,Mag
FAL_762x51_30rnd,FAL 762x51 30rnd,Inventory.Items.Attachments.Mag.FAL 762x51 30rnd,Items.Attachments.Mag,Items,Attachments,Mag
FAL_762x51_50rnd,FAL 762x51 50rnd,Inventory.Items.Attachments.Mag.FAL 762x51 50rnd,Items.Attachments.Mag,Items,Attachments,Mag
Five_Seven_57x28_20rnd,Five Seven 57x28 20rnd,Inventory.Items.Attachments.Mag.Five Seven 57x28 20rnd,Items.Attachments.Mag,Items,Attachments,Mag
Five_Seven_57x28_30rnd,Five Seven 57x28 30rnd,Inventory.Items.Attachments.Mag.Five Seven 57x28 30rnd,Items.Attachments.Mag,Items,Attachments,Mag
Glock_19_9x19_15rnd,Glock 19 9x19 15rnd,Inventory.Items.Attachments.Mag.Glock 19 9x19 15rnd,Items.Attachments.Mag,Items,Attachments,Mag
Glock_19_9x19_20rnd,Glock 19 9x19 20rnd,Inventory.Items.Attachments.Mag.Glock 19 9x19 20rnd,Items.Attachments.Mag,Items,Attachments,Mag
HK_MP5_9x19_20rnd,HK MP5 9x19 20rnd,Inventory.Items.Attachments.Mag.HK MP5 9x19 20rnd,Items.Attachments.Mag,Items,Attachments,Mag
HK_MP5_9x19_30rnd,HK MP5 9x19 30rnd,Inventory.Items.Attachments.Mag.HK MP5 9x19 30rnd,Items.Attachments.Mag,Items,Attachments,Mag
HK_MP5_9x19_50rnd,HK MP5 9x19 50rnd,Inventory.Items.Attachments.Mag.HK MP5 9x19 50rnd,Items.Attachments.Mag,Items,Attachments,Mag
KRISS_Vector_45ACP_13Rnd,KRISS Vector 45ACP 13Rnd,Inventory.Items.Attachments.Mag.KRISS Vector 45ACP 13Rnd,Items.Attachments.Mag,Items,Attachments,Mag
KRISS_Vector_45ACP_30rnd,KRISS Vector 45ACP 30rnd,Inventory.Items.Attachments.Mag.KRISS Vector 45ACP 30rnd,Items.Attachments.Mag,Items,Attachments,Mag
M2_Agency_Arms_18x5_inch_12ga_7-shell,M2 Agency Arms 18x5 inch 12ga 7-shell,Inventory.Items.Attachments.Mag.M2 Agency Arms 18x5 inch 12ga 7-shell,Items.Attachments.Mag,Items,Attachments,Mag
M2_Agency_Arms_21_inch_12ga_8-shell,M2 Agency Arms 21 inch 12ga 8-shell,Inventory.Items.Attachments.Mag.M2 Agency Arms 21 inch 12ga 8-shell,Items.Attachments.Mag,Items,Attachments,Mag
M2_Nordic_14_inch_12ga_5-shell,M2 Nordic 14 inch 12ga 5-shell,Inventory.Items.Attachments.Mag.M2 Nordic 14 inch 12ga 5-shell,Items.Attachments.Mag,Items,Attachments,Mag
M700_x338_5rnd,M700 x338 5rnd,Inventory.Items.Attachments.Mag.M700 x338 5rnd,Items.Attachments.Mag,Items,Attachments,Mag
M700_x338_8rnd,M700 x338 8rnd,Inventory.Items.Attachments.Mag.M700 x338 8rnd,Items.Attachments.Mag,Items,Attachments,Mag
P320_9x19_17rnd,P320 9x19 17rnd,Inventory.Items.Attachments.Mag.P320 9x19 17rnd,Items.Attachments.Mag,Items,Attachments,Mag
P320_9x19_21rnd,P320 9x19 21rnd,Inventory.Items.Attachments.Mag.P320 9x19 21rnd,Items.Attachments.Mag,Items,Attachments,Mag
P90_57x28_50rnd,P90 57x28 50rnd,Inventory.Items.Attachments.Mag.P90 57x28 50rnd,Items.Attachments.Mag,Items,Attachments,Mag
PP-19_9x19_30rnd,PP-19 9x19 30rnd,Inventory.Items.Attachments.Mag.PP-19 9x19 30rnd,Items.Attachments.Mag,Items,Attachments,Mag
PP-19_9x19_50rnd,PP-19 9x19 50rnd,Inventory.Items.Attachments.Mag.PP-19 9x19 50rnd,Items.Attachments.Mag,Items,Attachments,Mag
QSZ-92_9x19_15rnd,QSZ-92 9x19 15rnd,Inventory.Items.Attachments.Mag.QSZ-92 9x19 15rnd,Items.Attachments.Mag,Items,Attachments,Mag
SCAR-H_762x51_20rnd,SCAR-H 762x51 20rnd,Inventory.Items.Attachments.Mag.SCAR-H 762x51 20rnd,Items.Attachments.Mag,Items,Attachments,Mag
SCAR-L_556x45_30rnd,SCAR-L 556x45 30rnd,Inventory.Items.Attachments.Mag.SCAR-L 556x45 30rnd,Items.Attachments.Mag,Items,Attachments,Mag
SKS_Standard_762x39_10rnd,SKS Standard 762x39 10rnd,Inventory.Items.Attachments.Mag.SKS Standard 762x39 10rnd,Items.Attachments.Mag,Items,Attachments,Mag
SKS_Star_762x39_20rnd,SKS Star 762x39 20rnd,Inventory.Items.Attachments.Mag.SKS Star 762x39 20rnd,Items.Attachments.Mag,Items,Attachments,Mag
SKS_Tapco_762x39_20rnd,SKS Tapco 762x39 20rnd,Inventory.Items.Attachments.Mag.SKS Tapco 762x39 20rnd,Items.Attachments.Mag,Items,Attachments,Mag
SRS_A2_x338_5rnd,SRS A2 x338 5rnd,Inventory.Items.Attachments.Mag.SRS A2 x338 5rnd,Items.Attachments.Mag,Items,Attachments,Mag
SRS_A2_x338_8rnd,SRS A2 x338 8rnd,Inventory.Items.Attachments.Mag.SRS A2 x338 8rnd,Items.Attachments.Mag,Items,Attachments,Mag
SVD_762x54_10rnd,SVD 762x54 10rnd,Inventory.Items.Attachments.Mag.SVD 762x54 10rnd,Items.Attachments.Mag,Items,Attachments,Mag
VR80_12ga_10rnd,VR80 12ga 10rnd,Inventory.Items.Attachments.Mag.VR80 12ga 10rnd,Items.Attachments.Mag,Items,Attachments,Mag
VR80_12ga_5rnd,VR80 12ga 5rnd,Inventory.Items.Attachments.Mag.VR80 12ga 5rnd,Items.Attachments.Mag,Items,Attachments,Mag
Z111_762x39_30rnd,Z111 762x39 30rnd,Inventory.Items.Attachments.Mag.Z111 762x39 30rnd,Items.Attachments.Mag,Items,Attachments,Mag
AAC_762-SDN-6_Suppressor,AAC 762-SDN-6 Suppressor,Inventory.Items.Attachments.Muzzle.AAC 762-SDN-6 Suppressor,Items.Attachments.Muzzle,Items,Attachments,Muzzle
AK-12_545x39_Muzzle,AK-12 545x39 Muzzle,Inventory.Items.Attachments.Muzzle.AK-12 545x39 Muzzle,Items.Attachments.Muzzle,Items,Attachments,Muzzle
AK-74_Steel_PATRIOT_Silencer,AK-74 Steel PATRIOT Silencer,Inventory.Items.Attachments.Muzzle.AK-74 Steel PATRIOT Silencer,Items.Attachments.Muzzle,Items,Attachments,Muzzle
AK-74M_Muzzle_Brake,AK-74M Muzzle Brake,Inventory.Items.Attachments.Muzzle.AK-74M Muzzle Brake,Items.Attachments.Muzzle,Items,Attachments,Muzzle
AKS-74U_Muzzle,AKS-74U Muzzle,Inventory.Items.Attachments.Muzzle.AKS-74U Muzzle,Items.Attachments.Muzzle,Items,Attachments,Muzzle
AR-15_Griffin_Armament_Gate-LOK_Hammer_Flash_Hider,AR-15 Griffin Armament Gate-LOK Hammer Flash Hider,Inventory.Items.Attachments.Muzzle.AR-15 Griffin Armament Gate-LOK Hammer Flash Hider,Items.Attachments.Muzzle,Items,Attachments,Muzzle
AR-15_Griffin_Armament_M4SD_II_Silencer,AR-15 Griffin Armament M4SD II Silencer,Inventory.Items.Attachments.Muzzle.AR-15 Griffin Armament M4SD II Silencer,Items.Attachments.Muzzle,Items,Attachments,Muzzle
AUG_A3_Flash_Hider,AUG A3 Flash Hider,Inventory.Items.Attachments.Muzzle.AUG A3 Flash Hider,Items.Attachments.Muzzle,Items,Attachments,Muzzle
AUG_Ase_Utra_S_Series_SL7i_Suppressor,AUG Ase Utra S Series SL7i Suppressor,Inventory.Items.Attachments.Muzzle.AUG Ase Utra S Series SL7i Suppressor,Items.Attachments.Muzzle,Items,Attachments,Muzzle
AUG_RAT_Worx_Muzzle_Adapter,AUG RAT Worx Muzzle Adapter,Inventory.Items.Attachments.Muzzle.AUG RAT Worx Muzzle Adapter,Items.Attachments.Muzzle,Items,Attachments,Muzzle
Colt_USGI_A2_Flash_Hider,Colt USGI A2 Flash Hider,Inventory.Items.Attachments.Muzzle.Colt USGI A2 Flash Hider,Items.Attachments.Muzzle,Items,Attachments,Muzzle
DT_338_Muzzle_Brake,DT 338 Muzzle Brake,Inventory.Items.Attachments.Muzzle.DT 338 Muzzle Brake,Items.Attachments.Muzzle,Items,Attachments,Muzzle
DT_338_Suppressor,DT 338 Suppressor,Inventory.Items.Attachments.Muzzle.DT 338 Suppressor,Items.Attachments.Muzzle,Items,Attachments,Muzzle
FAL_Standard_Muzzle,FAL Standard Muzzle,Inventory.Items.Attachments.Muzzle.FAL Standard Muzzle,Items.Attachments.Muzzle,Items,Attachments,Muzzle
Jmac_Customs_RRD-4C_545x39,Jmac Customs RRD-4C 545x39,Inventory.Items.Attachments.Muzzle.Jmac Customs RRD-4C 545x39,Items.Attachments.Muzzle,Items,Attachments,Muzzle
KVP_XL_45ACP_Suppressor,KVP XL 45ACP Suppressor,Inventory.Items.Attachments.Muzzle.KVP XL 45ACP Suppressor,Items.Attachments.Muzzle,Items,Attachments,Muzzle
M700_PGW_Timberwolf_Muzzle_Brake,M700 PGW Timberwolf Muzzle Brake,Inventory.Items.Attachments.Muzzle.M700 PGW Timberwolf Muzzle Brake,Items.Attachments.Muzzle,Items,Attachments,Muzzle
M700_PGW_Timberwolf_Suppressor,M700 PGW Timberwolf Suppressor,Inventory.Items.Attachments.Muzzle.M700 PGW Timberwolf Suppressor,Items.Attachments.Muzzle,Items,Attachments,Muzzle
MP5_PDW_Suppressor,MP5 PDW Suppressor,Inventory.Items.Attachments.Muzzle.MP5 PDW Suppressor,Items.Attachments.Muzzle,Items,Attachments,Muzzle
P320_Compact_Compensator,P320 Compact Compensator,Inventory.Items.Attachments.Muzzle.P320 Compact Compensator,Items.Attachments.Muzzle,Items,Attachments,Muzzle
P90_Flash_Hider,P90 Flash Hider,Inventory.Items.Attachments.Muzzle.P90 Flash Hider,Items.Attachments.Muzzle,Items,Attachments,Muzzle
PBS-4_545x39Suppressor,PBS-4 545x39Suppressor,Inventory.Items.Attachments.Muzzle.PBS-4 545x39Suppressor,Items.Attachments.Muzzle,Items,Attachments,Muzzle
PP-19_Muzzle,PP-19 Muzzle,Inventory.Items.Attachments.Muzzle.PP-19 Muzzle,Items.Attachments.Muzzle,Items,Attachments,Muzzle
QBZ-97_556x45_Suppressor,QBZ-97 556x45 Suppressor,Inventory.Items.Attachments.Muzzle.QBZ-97 556x45 Suppressor,Items.Attachments.Muzzle,Items,Attachments,Muzzle
RS_Putnik_Multi-Caliber_Suppressor,RS Putnik Multi-Caliber Suppressor,Inventory.Items.Attachments.Muzzle.RS Putnik Multi-Caliber Suppressor,Items.Attachments.Muzzle,Items,Attachments,Muzzle
SCAR-H_AAC_SD_51T_Flash_Hider,SCAR-H AAC SD 51T Flash Hider,Inventory.Items.Attachments.Muzzle.SCAR-H AAC SD 51T Flash Hider,Items.Attachments.Muzzle,Items,Attachments,Muzzle
SCAR-L_AAC_SD_51T_Flash_Hider,SCAR-L AAC SD 51T Flash Hider,Inventory.Items.Attachments.Muzzle.SCAR-L AAC SD 51T Flash Hider,Items.Attachments.Muzzle,Items,Attachments,Muzzle
Sig_Sauer_SRD762_Suppressor,Sig Sauer SRD762 Suppressor,Inventory.Items.Attachments.Muzzle.Sig Sauer SRD762 Suppressor,Items.Attachments.Muzzle,Items,Attachments,Muzzle
SilencerCo_Hybrid_46_Suppressor,SilencerCo Hybrid 46 Suppressor,Inventory.Items.Attachments.Muzzle.SilencerCo Hybrid 46 Suppressor,Items.Attachments.Muzzle,Items,Attachments,Muzzle
SilencerCo_Omega_45k_Suppressor,SilencerCo Omega 45k Suppressor,Inventory.Items.Attachments.Muzzle.SilencerCo Omega 45k Suppressor,Items.Attachments.Muzzle,Items,Attachments,Muzzle
SilencerCo_Osprey_45K_Suppressor,SilencerCo Osprey 45K Suppressor,Inventory.Items.Attachments.Muzzle.SilencerCo Osprey 45K Suppressor,Items.Attachments.Muzzle,Items,Attachments,Muzzle
SilencerCo_Salvo12_Suppressor,SilencerCo Salvo12 Suppressor,Inventory.Items.Attachments.Muzzle.SilencerCo Salvo12 Suppressor,Items.Attachments.Muzzle,Items,Attachments,Muzzle
SKS_OSS_HX-QD_762_Suppressor,SKS OSS HX-QD 762 Suppressor,Inventory.Items.Attachments.Muzzle.SKS OSS HX-QD 762 Suppressor,Items.Attachments.Muzzle,Items,Attachments,Muzzle
STEYR_Breezer_UMS_Suppressor,STEYR Breezer UMS Suppressor,Inventory.Items.Attachments.Muzzle.STEYR Breezer UMS Suppressor,Items.Attachments.Muzzle,Items,Attachments,Muzzle
Surefire_Ryder_9M_TI_Suppressor,Surefire Ryder 9M TI Suppressor,Inventory.Items.Attachments.Muzzle.Surefire Ryder 9M TI Suppressor,Items.Attachments.Muzzle,Items,Attachments,Muzzle
Surefire_SD3P-556_3_Flash_Hider,Surefire SD3P-556 3 Flash Hider,Inventory.Items.Attachments.Muzzle.Surefire SD3P-556 3 Flash Hider,Items.Attachments.Muzzle,Items,Attachments,Muzzle
Surefire_SOCOM338-TI_Muzzle_Brake,Surefire SOCOM338-TI Muzzle Brake,Inventory.Items.Attachments.Muzzle.Surefire SOCOM338-TI Muzzle Brake,Items.Attachments.Muzzle,Items,Attachments,Muzzle
Surefire_SOCOM338-TI_Suppressor,Surefire SOCOM338-TI Suppressor,Inventory.Items.Attachments.Muzzle.Surefire SOCOM338-TI Suppressor,Items.Attachments.Muzzle,Items,Attachments,Muzzle
Surefire_SOCOM556-MONSTER_Suppressor,Surefire SOCOM556-MONSTER Suppressor,Inventory.Items.Attachments.Muzzle.Surefire SOCOM556-MONSTER Suppressor,Items.Attachments.Muzzle,Items,Attachments,Muzzle
TGP-A_545x39_Suppressor,TGP-A 545x39 Suppressor,Inventory.Items.Attachments.Muzzle.TGP-A 545x39 Suppressor,Items.Attachments.Muzzle,Items,Attachments,Muzzle
Zenitco_DTK-1_545x39,Zenitco DTK-1 545x39,Inventory.Items.Attachments.Muzzle.Zenitco DTK-1 545x39,Items.Attachments.Muzzle,Items,Attachments,Muzzle
AK_Izhmash_Polymer_PistolGrip,AK Izhmash Polymer PistolGrip,Inventory.Items.Attachments.Pistol Grip.AK Izhmash Polymer PistolGrip,Items.Attachments.Pistol Grip,Items,Attachments,Pistol Grip
AK_Magpul_MOE_FDE_Pistol_Grip,AK Magpul MOE FDE Pistol Grip,Inventory.Items.Attachments.Pistol Grip.AK Magpul MOE FDE Pistol Grip,Items.Attachments.Pistol Grip,Items,Attachments,Pistol Grip
AK-12_Pistol_Grip,AK-12 Pistol Grip,Inventory.Items.Attachments.Pistol Grip.AK-12 Pistol Grip,Items.Attachments.Pistol Grip,Items,Attachments,Pistol Grip
AKM_Wooden_Pistol_Grip,AKM Wooden Pistol Grip,Inventory.Items.Attachments.Pistol Grip.AKM Wooden Pistol Grip,Items.Attachments.Pistol Grip,Items,Attachments,Pistol Grip
AKS-74U_Pistol_Grip,AKS-74U Pistol Grip,Inventory.Items.Attachments.Pistol Grip.AKS-74U Pistol Grip,Items.Attachments.Pistol Grip,Items,Attachments,Pistol Grip
AR-15_Colt_A2_Pistol_Grip,AR-15 Colt A2 Pistol Grip,Inventory.Items.Attachments.Pistol Grip.AR-15 Colt A2 Pistol Grip,Items.Attachments.Pistol Grip,Items,Attachments,Pistol Grip
AR-15_Colt_A2_Tan_Pistol_Grip,AR-15 Colt A2 Tan Pistol Grip,Inventory.Items.Attachments.Pistol Grip.AR-15 Colt A2 Tan Pistol Grip,Items.Attachments.Pistol Grip,Items,Attachments,Pistol Grip
AR-15_Daniel_Defense_Pistol_Grip,AR-15 Daniel Defense Pistol Grip,Inventory.Items.Attachments.Pistol Grip.AR-15 Daniel Defense Pistol Grip,Items.Attachments.Pistol Grip,Items,Attachments,Pistol Grip
AR-15_ERGO_Pistol_Grip,AR-15 ERGO Pistol Grip,Inventory.Items.Attachments.Pistol Grip.AR-15 ERGO Pistol Grip,Items.Attachments.Pistol Grip,Items,Attachments,Pistol Grip
AR-15_MDT_Pistol_Grip,AR-15 MDT Pistol Grip,Inventory.Items.Attachments.Pistol Grip.AR-15 MDT Pistol Grip,Items.Attachments.Pistol Grip,Items,Attachments,Pistol Grip
FAL_ERGO_Pistol_Grip,FAL ERGO Pistol Grip,Inventory.Items.Attachments.Pistol Grip.FAL ERGO Pistol Grip,Items.Attachments.Pistol Grip,Items,Attachments,Pistol Grip
FAL_Standard_Pistol_Grip,FAL Standard Pistol Grip,Inventory.Items.Attachments.Pistol Grip.FAL Standard Pistol Grip,Items.Attachments.Pistol Grip,Items,Attachments,Pistol Grip
FAL_Wooden_Pistol_Grip,FAL Wooden Pistol Grip,Inventory.Items.Attachments.Pistol Grip.FAL Wooden Pistol Grip,Items.Attachments.Pistol Grip,Items,Attachments,Pistol Grip
MCX_Rattler_Pistol_Grip,MCX Rattler Pistol Grip,Inventory.Items.Attachments.Pistol Grip.MCX Rattler Pistol Grip,Items.Attachments.Pistol Grip,Items,Attachments,Pistol Grip
MCX_Virtus_Pistol_Grip,MCX Virtus Pistol Grip,Inventory.Items.Attachments.Pistol Grip.MCX Virtus Pistol Grip,Items.Attachments.Pistol Grip,Items,Attachments,Pistol Grip
PP-19_Pistol_Grip,PP-19 Pistol Grip,Inventory.Items.Attachments.Pistol Grip.PP-19 Pistol Grip,Items.Attachments.Pistol Grip,Items,Attachments,Pistol Grip
SVDS_Polymer_Pistol_Grip,SVDS Polymer Pistol Grip,Inventory.Items.Attachments.Pistol Grip.SVDS Polymer Pistol Grip,Items.Attachments.Pistol Grip,Items,Attachments,Pistol Grip
VR80_Stock_And_Pistol_Grip,VR80 Stock And Pistol Grip,Inventory.Items.Attachments.Pistol Grip.VR80 Stock And Pistol Grip,Items.Attachments.Pistol Grip,Items,Attachments,Pistol Grip
AK_Doublestar_AR-15_Pistol_Grip_Adapter,AK Doublestar AR-15 Pistol Grip Adapter,Inventory.Items.Attachments.Rail.AK Doublestar AR-15 Pistol Grip Adapter,Items.Attachments.Rail,Items,Attachments,Rail
AK_Zenitco_B-13_Rail,AK Zenitco B-13 Rail,Inventory.Items.Attachments.Rail.AK Zenitco B-13 Rail,Items.Attachments.Rail,Items,Attachments,Rail
AUG_A3_M1_1x5_Optic_Sight,AUG A3 M1 1x5 Optic Sight,Inventory.Items.Attachments.Rail.AUG A3 M1 1x5 Optic Sight,Items.Attachments.Rail,Items,Attachments,Rail
AUG_A3_M1_High_Sight_Mount,AUG A3 M1 High Sight Mount,Inventory.Items.Attachments.Rail.AUG A3 M1 High Sight Mount,Items.Attachments.Rail,Items,Attachments,Rail
AUG_A3_M1_Low_Sight_Mount,AUG A3 M1 Low Sight Mount,Inventory.Items.Attachments.Rail.AUG A3 M1 Low Sight Mount,Items.Attachments.Rail,Items,Attachments,Rail
AUG_A3_Vertical_Grip_Rail,AUG A3 Vertical Grip Rail,Inventory.Items.Attachments.Rail.AUG A3 Vertical Grip Rail,Items.Attachments.Rail,Items,Attachments,Rail
Five_Seven_MRD_Mount,Five Seven MRD Mount,Inventory.Items.Attachments.Rail.Five Seven MRD Mount,Items.Attachments.Rail,Items,Attachments,Rail
GBRS_Hydra_Mount,GBRS Hydra Mount,Inventory.Items.Attachments.Rail.GBRS Hydra Mount,Items.Attachments.Rail,Items,Attachments,Rail
KRISS_Vector_Rail,KRISS Vector Rail,Inventory.Items.Attachments.Rail.KRISS Vector Rail,Items.Attachments.Rail,Items,Attachments,Rail
Leupold_DeltaPoint_Mount,Leupold DeltaPoint Mount,Inventory.Items.Attachments.Rail.Leupold DeltaPoint Mount,Items.Attachments.Rail,Items,Attachments,Rail
M2_Picatinny_Rail,M2 Picatinny Rail,Inventory.Items.Attachments.Rail.M2 Picatinny Rail,Items.Attachments.Rail,Items,Attachments,Rail
M700_Badger_Ordnance_Embedded_Front_Rail,M700 Badger Ordnance Embedded Front Rail,Inventory.Items.Attachments.Rail.M700 Badger Ordnance Embedded Front Rail,Items.Attachments.Rail,Items,Attachments,Rail
Magpul_M-LOK_2x1_Inch_Rail,Magpul M-LOK 2x1 Inch Rail,Inventory.Items.Attachments.Rail.Magpul M-LOK 2x1 Inch Rail,Items.Attachments.Rail,Items,Attachments,Rail
Magpul_M-LOK_4x1_Inch_Rail,Magpul M-LOK 4x1 Inch Rail,Inventory.Items.Attachments.Rail.Magpul M-LOK 4x1 Inch Rail,Items.Attachments.Rail,Items,Attachments,Rail
MP5_Picatinny_Rail,MP5 Picatinny Rail,Inventory.Items.Attachments.Rail.MP5 Picatinny Rail,Items.Attachments.Rail,Items,Attachments,Rail
NCSTAR_MPR45_45_Degrees_Offset_Rail,NCSTAR MPR45 45 Degrees Offset Rail,Inventory.Items.Attachments.Rail.NCSTAR MPR45 45 Degrees Offset Rail,Items.Attachments.Rail,Items,Attachments,Rail
QBZ-97_Front_Rail_Mount,QBZ-97 Front Rail Mount,Inventory.Items.Attachments.Rail.QBZ-97 Front Rail Mount,Items.Attachments.Rail,Items,Attachments,Rail
QBZ-97_Scorpio_FK-HM95C_Rail_Mount,QBZ-97 Scorpio FK-HM95C Rail Mount,Inventory.Items.Attachments.Rail.QBZ-97 Scorpio FK-HM95C Rail Mount,Items.Attachments.Rail,Items,Attachments,Rail
SKS_EST_Tula_Dovetail,SKS EST Tula Dovetail,Inventory.Items.Attachments.Rail.SKS EST Tula Dovetail,Items.Attachments.Rail,Items,Attachments,Rail
SKS_UTG_Leapers_U640_Dust_Cover,SKS UTG Leapers U640 Dust Cover,Inventory.Items.Attachments.Rail.SKS UTG Leapers U640 Dust Cover,Items.Attachments.Rail,Items,Attachments,Rail
Trijicon_RMR_Mount,Trijicon RMR Mount,Inventory.Items.Attachments.Rail.Trijicon RMR Mount,Items.Attachments.Rail,Items,Attachments,Rail
Five_Seven_Pistol_Slide,Five Seven Pistol Slide,Inventory.Items.Attachments.Receiver.Five Seven Pistol Slide,Items.Attachments.Receiver,Items,Attachments,Receiver
M700_AICS_Chassis,M700 AICS Chassis,Inventory.Items.Attachments.Receiver.M700 AICS Chassis,Items.Attachments.Receiver,Items,Attachments,Receiver
M700_McMillan_A5_Chassis,M700 McMillan A5 Chassis,Inventory.Items.Attachments.Receiver.M700 McMillan A5 Chassis,Items.Attachments.Receiver,Items,Attachments,Receiver
M700_MDT_ESS_Chassis,M700 MDT ESS Chassis,Inventory.Items.Attachments.Receiver.M700 MDT ESS Chassis,Items.Attachments.Receiver,Items,Attachments,Receiver
P320_Compact_Pistol_Slide,P320 Compact Pistol Slide,Inventory.Items.Attachments.Receiver.P320 Compact Pistol Slide,Items.Attachments.Receiver,Items,Attachments,Receiver
P320_Pistol_Slide,P320 Pistol Slide,Inventory.Items.Attachments.Receiver.P320 Pistol Slide,Items.Attachments.Receiver,Items,Attachments,Receiver
QSZ-92_Pistol_Slide,QSZ-92 Pistol Slide,Inventory.Items.Attachments.Receiver.QSZ-92 Pistol Slide,Items.Attachments.Receiver,Items,Attachments,Receiver
TRIARC_Glock_19_Slide,TRIARC Glock 19 Slide,Inventory.Items.Attachments.Receiver.TRIARC Glock 19 Slide,Items.Attachments.Receiver,Items,Attachments,Receiver
Aimpoint_Micro_T1_Sight,Aimpoint Micro T1 Sight,Inventory.Items.Attachments.Sight.Aimpoint Micro T1 Sight,Items.Attachments.Sight,Items,Attachments,Sight
AR-15_Colt_A2_Rear_Sight,AR-15 Colt A2 Rear Sight,Inventory.Items.Attachments.Sight.AR-15 Colt A2 Rear Sight,Items.Attachments.Sight,Items,Attachments,Sight
Elcan_SpecterDR_1x/4x_Scope,Elcan SpecterDR 1x/4x Scope,Inventory.Items.Attachments.Sight.Elcan SpecterDR 1x/4x Scope,Items.Attachments.Sight,Items,Attachments,Sight
EOTECH_CNVDT_1x_Thermal_Scope,EOTECH CNVDT 1x Thermal Scope,Inventory.Items.Attachments.Sight.EOTECH CNVDT 1x Thermal Scope,Items.Attachments.Sight,Items,Attachments,Sight
EOTECH_EXPS3_Holographic_Sight,EOTECH EXPS3 Holographic Sight,Inventory.Items.Attachments.Sight.EOTECH EXPS3 Holographic Sight,Items.Attachments.Sight,Items,Attachments,Sight
EOTECH_HHS-1_Hybrid_Sight,EOTECH HHS-1 Hybrid_Sight,Inventory.Items.Attachments.Sight.EOTECH HHS-1 Hybrid_Sight,Items.Attachments.Sight,Items,Attachments,Sight
EOTECH_Vudu_1-6x_Scope,EOTECH Vudu 1-6x Scope,Inventory.Items.Attachments.Sight.EOTECH Vudu 1-6x Scope,Items.Attachments.Sight,Items,Attachments,Sight
FAL_Para_Rear_Ironsight,FAL Para Rear Ironsight,Inventory.Items.Attachments.Sight.FAL Para Rear Ironsight,Items.Attachments.Sight,Items,Attachments,Sight
FAL_Standard_Rear_Ironsight,FAL Standard Rear Ironsight,Inventory.Items.Attachments.Sight.FAL Standard Rear Ironsight,Items.Attachments.Sight,Items,Attachments,Sight
Five_Seven_Rear_Sight,Five Seven Rear Sight,Inventory.Items.Attachments.Sight.Five Seven Rear Sight,Items.Attachments.Sight,Items,Attachments,Sight
Hensoldt_Wetzlar_Fero-Z_4x24_Scope,Hensoldt Wetzlar Fero-Z 4x24 Scope,Inventory.Items.Attachments.Sight.Hensoldt Wetzlar Fero-Z 4x24 Scope,Items.Attachments.Sight,Items,Attachments,Sight
Leupold_Carbine_Optic_Reflex_Sight,Leupold Carbine Optic Reflex Sight,Inventory.Items.Attachments.Sight.Leupold Carbine Optic Reflex Sight,Items.Attachments.Sight,Items,Attachments,Sight
Leupold_DeltaPoint_Reflex_Sight,Leupold DeltaPoint Reflex Sight,Inventory.Items.Attachments.Sight.Leupold DeltaPoint Reflex Sight,Items.Attachments.Sight,Items,Attachments,Sight
Leupold_HAMR_4x24_Hybrid_Scope,Leupold HAMR 4x24 Hybrid Scope,Inventory.Items.Attachments.Sight.Leupold HAMR 4x24 Hybrid Scope,Items.Attachments.Sight,Items,Attachments,Sight
M2_Tactical_Rear_Sight,M2 Tactical Rear Sight,Inventory.Items.Attachments.Sight.M2 Tactical Rear Sight,Items.Attachments.Sight,Items,Attachments,Sight
OKP-7_Reflex_Sight,OKP-7 Reflex Sight,Inventory.Items.Attachments.Sight.OKP-7 Reflex Sight,Items.Attachments.Sight,Items,Attachments,Sight
OKP-77_Reflex_Sight,OKP-77 Reflex Sight,Inventory.Items.Attachments.Sight.OKP-77 Reflex Sight,Items.Attachments.Sight,Items,Attachments,Sight
PSO-1_4x24_Scope,PSO-1 4x24 Scope,Inventory.Items.Attachments.Sight.PSO-1 4x24 Scope,Items.Attachments.Sight,Items,Attachments,Sight
QBZ-97_Y-MA-95-1-600_3x_Scope,QBZ-97 Y-MA-95-1-600 3x Scope,Inventory.Items.Attachments.Sight.QBZ-97 Y-MA-95-1-600 3x Scope,Items.Attachments.Sight,Items,Attachments,Sight
SCAR_Front_Sight,SCAR Front Sight,Inventory.Items.Attachments.Sight.SCAR Front Sight,Items.Attachments.Sight,Items,Attachments,Sight
SCAR_Rear_Sight,SCAR Rear Sight,Inventory.Items.Attachments.Sight.SCAR Rear Sight,Items.Attachments.Sight,Items,Attachments,Sight
SIG_Sauer_BRAVO4_4x30_Scope,SIG Sauer BRAVO4 4x30 Scope,Inventory.Items.Attachments.Sight.SIG Sauer BRAVO4 4x30 Scope,Items.Attachments.Sight,Items,Attachments,Sight
STV-380_Rear_Sight,STV-380 Rear Sight,Inventory.Items.Attachments.Sight.STV-380 Rear Sight,Items.Attachments.Sight,Items,Attachments,Sight
Trijicon_ACOG_4x24_Scope,Trijicon ACOG 4x24 Scope,Inventory.Items.Attachments.Sight.Trijicon ACOG 4x24 Scope,Items.Attachments.Sight,Items,Attachments,Sight
Trijicon_ACOG_6x48_Scope,Trijicon ACOG 6x48 Scope,Inventory.Items.Attachments.Sight.Trijicon ACOG 6x48 Scope,Items.Attachments.Sight,Items,Attachments,Sight
Trijicon_RMR_Miniature_Reflex_Sight,Trijicon RMR Miniature Reflex Sight,Inventory.Items.Attachments.Sight.Trijicon RMR Miniature Reflex Sight,Items.Attachments.Sight,Items,Attachments,Sight
Trijicon_SkeetIR_1x_Thermal_Scope,Trijicon SkeetIR 1x Thermal Scope,Inventory.Items.Attachments.Sight.Trijicon SkeetIR 1x Thermal Scope,Items.Attachments.Sight,Items,Attachments,Sight
Vortex_RAZOR_AMG_UH-1_Gen_II_Sight,Vortex RAZOR AMG UH-1 Gen II Sight,Inventory.Items.Attachments.Sight.Vortex RAZOR AMG UH-1 Gen II Sight,Items.Attachments.Sight,Items,Attachments,Sight
Zenitco_BelOMO_PK-06_Reflex_Sight,Zenitco BelOMO PK-06 Reflex Sight,Inventory.Items.Attachments.Sight.Zenitco BelOMO PK-06 Reflex Sight,Items.Attachments.Sight,Items,Attachments,Sight
AK_Izhmash_Polymer_Stock,AK Izhmash Polymer Stock,Inventory.Items.Attachments.Stock.AK Izhmash Polymer Stock,Items.Attachments.Stock,Items,Attachments,Stock
AK_SAG_ACR_Stock,AK SAG ACR Stock,Inventory.Items.Attachments.Stock.AK SAG ACR Stock,Items.Attachments.Stock,Items,Attachments,Stock
AK_SAG_Buffertube,AK SAG Buffertube,Inventory.Items.Attachments.Stock.AK SAG Buffertube,Items.Attachments.Stock,Items,Attachments,Stock
AK-12_Collapsible_Stock,AK-12 Collapsible Stock,Inventory.Items.Attachments.Stock.AK-12 Collapsible Stock,Items.Attachments.Stock,Items,Attachments,Stock
AK-74_Wooden_Stock,AK-74 Wooden Stock,Inventory.Items.Attachments.Stock.AK-74 Wooden Stock,Items.Attachments.Stock,Items,Attachments,Stock
AKS-74U_Stock,AKS-74U Stock,Inventory.Items.Attachments.Stock.AKS-74U Stock,Items.Attachments.Stock,Items,Attachments,Stock
AR-15_ACE_Ultra_Lite_Stock,AR-15 ACE Ultra Lite Stock,Inventory.Items.Attachments.Stock.AR-15 ACE Ultra Lite Stock,Items.Attachments.Stock,Items,Attachments,Stock
AR-15_BCMGUNFIGHTER_Mod_0_Buttstock,AR-15 BCMGUNFIGHTER Mod 0 Buttstock,Inventory.Items.Attachments.Stock.AR-15 BCMGUNFIGHTER Mod 0 Buttstock,Items.Attachments.Stock,Items,Attachments,Stock
AR-15_Colt_A2_Buffertube,AR-15 Colt A2 Buffertube,Inventory.Items.Attachments.Stock.AR-15 Colt A2 Buffertube,Items.Attachments.Stock,Items,Attachments,Stock
AR-15_Daniel_Defense_Buttstock,AR-15 Daniel Defense Buttstock,Inventory.Items.Attachments.Stock.AR-15 Daniel Defense Buttstock,Items.Attachments.Stock,Items,Attachments,Stock
AR-15_Magpul_CTR_Buttstock,AR-15 Magpul CTR Buttstock,Inventory.Items.Attachments.Stock.AR-15 Magpul CTR Buttstock,Items.Attachments.Stock,Items,Attachments,Stock
AR-15_Magpul_UBR_Buttstock,AR-15 Magpul UBR Buttstock,Inventory.Items.Attachments.Stock.AR-15 Magpul UBR Buttstock,Items.Attachments.Stock,Items,Attachments,Stock
AR-15_PWS_Enhanced_Buffertube,AR-15 PWS Enhanced Buffertube,Inventory.Items.Attachments.Stock.AR-15 PWS Enhanced Buffertube,Items.Attachments.Stock,Items,Attachments,Stock
AR-15_Standard_M4SS_Buttstock,AR-15 Standard M4SS Buttstock,Inventory.Items.Attachments.Stock.AR-15 Standard M4SS Buttstock,Items.Attachments.Stock,Items,Attachments,Stock
AR-15_Strike_Industries_Viper_Mod_1_Buttstock,AR-15 Strike Industries Viper Mod 1 Buttstock,Inventory.Items.Attachments.Stock.AR-15 Strike Industries Viper Mod 1 Buttstock,Items.Attachments.Stock,Items,Attachments,Stock
AR-15_Strike_SI_AR_Advanced_Buffertube,AR-15 Strike SI AR Advanced Buffertube,Inventory.Items.Attachments.Stock.AR-15 Strike SI AR Advanced Buffertube,Items.Attachments.Stock,Items,Attachments,Stock
AR-15_VLTOR_IMOD_Buttstock,AR-15 VLTOR IMOD Buttstock,Inventory.Items.Attachments.Stock.AR-15 VLTOR IMOD Buttstock,Items.Attachments.Stock,Items,Attachments,Stock
FAL_Folding_Buffertube,FAL Folding Buffertube,Inventory.Items.Attachments.Stock.FAL Folding Buffertube,Items.Attachments.Stock,Items,Attachments,Stock
FAL_Folding_Para_Stock,FAL Folding Para Stock,Inventory.Items.Attachments.Stock.FAL Folding Para Stock,Items.Attachments.Stock,Items,Attachments,Stock
FAL_Series_X_Stock,FAL Series X Stock,Inventory.Items.Attachments.Stock.FAL Series X Stock,Items.Attachments.Stock,Items,Attachments,Stock
FAL_Standard_Stock,FAL Standard Stock,Inventory.Items.Attachments.Stock.FAL Standard Stock,Items.Attachments.Stock,Items,Attachments,Stock
FAL_Wooden_Stock,FAL Wooden Stock,Inventory.Items.Attachments.Stock.FAL Wooden Stock,Items.Attachments.Stock,Items,Attachments,Stock
KRISS_Vector_Folding_Stock,KRISS Vector Folding Stock,Inventory.Items.Attachments.Stock.KRISS Vector Folding Stock,Items.Attachments.Stock,Items,Attachments,Stock
KRISS_Vector_Sling_Adapter,KRISS Vector Sling Adapter,Inventory.Items.Attachments.Stock.KRISS Vector Sling Adapter,Items.Attachments.Stock,Items,Attachments,Stock
KRISS_Vector_Stock_Adapter,KRISS Vector Stock Adapter,Inventory.Items.Attachments.Stock.KRISS Vector Stock Adapter,Items.Attachments.Stock,Items,Attachments,Stock
M2_ComforTech_Field_Stock,M2 ComforTech Field Stock,Inventory.Items.Attachments.Stock.M2 ComforTech Field Stock,Items.Attachments.Stock,Items,Attachments,Stock
M2_Tactical_Pistol_Grip_Stock,M2 Tactical Pistol Grip Stock,Inventory.Items.Attachments.Stock.M2 Tactical Pistol Grip Stock,Items.Attachments.Stock,Items,Attachments,Stock
M700_MDT_ESS_Stock,M700 MDT ESS Stock,Inventory.Items.Attachments.Stock.M700 MDT ESS Stock,Items.Attachments.Stock,Items,Attachments,Stock
M700_MDT_ESS_Stock_Adapter,M700 MDT ESS Stock Adapter,Inventory.Items.Attachments.Stock.M700 MDT ESS Stock Adapter,Items.Attachments.Stock,Items,Attachments,Stock
MCX_Collapsible_Stock,MCX Collapsible Stock,Inventory.Items.Attachments.Stock.MCX Collapsible Stock,Items.Attachments.Stock,Items,Attachments,Stock
MCX_Folding_Buffer_Mount,MCX Folding Buffer Mount,Inventory.Items.Attachments.Stock.MCX Folding Buffer Mount,Items.Attachments.Stock,Items,Attachments,Stock
MCX_Folding_Collapsible_Tube,MCX Folding Collapsible Tube,Inventory.Items.Attachments.Stock.MCX Folding Collapsible Tube,Items.Attachments.Stock,Items,Attachments,Stock
MCX_Folding_Mini_Skeleton_Stock,MCX Folding Mini Skeleton Stock,Inventory.Items.Attachments.Stock.MCX Folding Mini Skeleton Stock,Items.Attachments.Stock,Items,Attachments,Stock
MCX_Folding_Skeleton_Stock,MCX Folding Skeleton Stock,Inventory.Items.Attachments.Stock.MCX Folding Skeleton Stock,Items.Attachments.Stock,Items,Attachments,Stock
MCX_Folding_Visor,MCX Folding Visor,Inventory.Items.Attachments.Stock.MCX Folding Visor,Items.Attachments.Stock,Items,Attachments,Stock
MP5_A2_Fixed_Buttstock,MP5 A2 Fixed Buttstock,Inventory.Items.Attachments.Stock.MP5 A2 Fixed Buttstock,Items.Attachments.Stock,Items,Attachments,Stock
MP5_A3_F_Retractable_Buttstock,MP5 A3 F Retractable Buttstock,Inventory.Items.Attachments.Stock.MP5 A3 F Retractable Buttstock,Items.Attachments.Stock,Items,Attachments,Stock
MP5_A3_Fixed_Buttstock,MP5 A3 Fixed Buttstock,Inventory.Items.Attachments.Stock.MP5 A3 Fixed Buttstock,Items.Attachments.Stock,Items,Attachments,Stock
MP5_End-Cap_Buttstock,MP5 End-Cap Buttstock,Inventory.Items.Attachments.Stock.MP5 End-Cap Buttstock,Items.Attachments.Stock,Items,Attachments,Stock
PP-19_Stock,PP-19 Stock,Inventory.Items.Attachments.Stock.PP-19 Stock,Items.Attachments.Stock,Items,Attachments,Stock
PWS_Enhanced_Buffertube,PWS Enhanced Buffertube,Inventory.Items.Attachments.Stock.PWS Enhanced Buffertube,Items.Attachments.Stock,Items,Attachments,Stock
QBZ-97_Cheek_Rest,QBZ-97 Cheek Rest,Inventory.Items.Attachments.Stock.QBZ-97 Cheek Rest,Items.Attachments.Stock,Items,Attachments,Stock
RPK-74_Folding_Stock,RPK-74 Folding Stock,Inventory.Items.Attachments.Stock.RPK-74 Folding Stock,Items.Attachments.Stock,Items,Attachments,Stock
SKS_ATI_Monte_Carlo_Chassis,SKS ATI Monte Carlo Chassis,Inventory.Items.Attachments.Stock.SKS ATI Monte Carlo Chassis,Items.Attachments.Stock,Items,Attachments,Stock
SKS_SAGE_International_SKSALCS_Telescoping_Stock,SKS SAGE International SKSALCS Telescoping Stock,Inventory.Items.Attachments.Stock.SKS SAGE International SKSALCS Telescoping Stock,Items.Attachments.Stock,Items,Attachments,Stock
SKS_SAGE_International_SKSALCV_Chassis,SKS SAGE International SKSALCV Chassis,Inventory.Items.Attachments.Stock.SKS SAGE International SKSALCV Chassis,Items.Attachments.Stock,Items,Attachments,Stock
SKS_Wooden_Stock,SKS Wooden Stock,Inventory.Items.Attachments.Stock.SKS Wooden Stock,Items.Attachments.Stock,Items,Attachments,Stock
Strike_SI_AR_Advanced_Buffertube,Strike SI AR Advanced Buffertube,Inventory.Items.Attachments.Stock.Strike SI AR Advanced Buffertube,Items.Attachments.Stock,Items,Attachments,Stock
SVDS_Folding_Stock,SVDS Folding Stock,Inventory.Items.Attachments.Stock.SVDS Folding Stock,Items.Attachments.Stock,Items,Attachments,Stock
SVDS_Lynx_Buffer_Tube_Adapter,SVDS Lynx Buffer Tube Adapter,Inventory.Items.Attachments.Stock.SVDS Lynx Buffer Tube Adapter,Items.Attachments.Stock,Items,Attachments,Stock
Inforce_APLc_Compact_Flashlight,Inforce APLc Compact Flashlight,Inventory.Items.Attachments.Tactical.Inforce APLc Compact Flashlight,Items.Attachments.Tactical,Items,Attachments,Tactical
Inforce_WMLx_Flashlight,Inforce WMLx Flashlight,Inventory.Items.Attachments.Tactical.Inforce WMLx Flashlight,Items.Attachments.Tactical,Items,Attachments,Tactical
PEQ-15_LA-5_Tactical_Device,PEQ-15 LA-5 Tactical Device,Inventory.Items.Attachments.Tactical.PEQ-15 LA-5 Tactical Device,Items.Attachments.Tactical,Items,Attachments,Tactical
Steiner_CQBL-1_Laser,Steiner CQBL-1 Laser,Inventory.Items.Attachments.Tactical.Steiner CQBL-1 Laser,Items.Attachments.Tactical,Items,Attachments,Tactical
SureFire_Mini_Scout_Flashight,SureFire Mini Scout Flashight,Inventory.Items.Attachments.Tactical.SureFire Mini Scout Flashight,Items.Attachments.Tactical,Items,Attachments,Tactical
Zenitco_Klesch_2IKS3_Laser,Zenitco Klesch 2IKS3 Laser,Inventory.Items.Attachments.Tactical.Zenitco Klesch 2IKS3 Laser,Items.Attachments.Tactical,Items,Attachments,Tactical
Antique_Plate,Antique Plate,Inventory.Items.Barter.Collectibles.Antique Plate,Items.Barter.Collectibles,Items,Barter,Collectibles
Antique_Water_Pitcher,Antique Water Pitcher,Inventory.Items.Barter.Collectibles.Antique Water Pitcher,Items.Barter.Collectibles,Items,Barter,Collectibles
Basketball,Basketball,Inventory.Items.Barter.Collectibles.Basketball,Items.Barter.Collectibles,Items,Barter,Collectibles
Boardgame,Boardgame,Inventory.Items.Barter.Collectibles.Boardgame,Items.Barter.Collectibles,Items,Barter,Collectibles
Book,Book,Inventory.Items.Barter.Collectibles.Book,Items.Barter.Collectibles,Items,Barter,Collectibles
Brandy,Brandy,Inventory.Items.Barter.Collectibles.Brandy,Items.Barter.Collectibles,Items,Barter,Collectibles
Candle_Holder,Candle Holder,Inventory.Items.Barter.Collectibles.Candle Holder,Items.Barter.Collectibles,Items,Barter,Collectibles
Candlestick,Candlestick,Inventory.Items.Barter.Collectibles.Candlestick,Items.Barter.Collectibles,Items,Barter,Collectibles
Cat_Figure,Cat Figure,Inventory.Items.Barter.Collectibles.Cat Figure,Items.Barter.Collectibles,Items,Barter,Collectibles
Compass,Compass,Inventory.Items.Barter.Collectibles.Compass,Items.Barter.Collectibles,Items,Barter,Collectibles
Earth_Globe,Earth Globe,Inventory.Items.Barter.Collectibles.Earth Globe,Items.Barter.Collectibles,Items,Barter,Collectibles
Film_Case,Film Case,Inventory.Items.Barter.Collectibles.Film Case,Items.Barter.Collectibles,Items,Barter,Collectibles
Golden_Bangle,Golden Bangle,Inventory.Items.Barter.Collectibles.Golden Bangle,Items.Barter.Collectibles,Items,Barter,Collectibles
Golden_Mirror,Golden Mirror,Inventory.Items.Barter.Collectibles.Golden Mirror,Items.Barter.Collectibles,Items,Barter,Collectibles
Golden_Ring,Golden Ring,Inventory.Items.Barter.Collectibles.Golden Ring,Items.Barter.Collectibles,Items,Barter,Collectibles
Golden_Watering_Can,Golden Watering Can,Inventory.Items.Barter.Collectibles.Golden Watering Can,Items.Barter.Collectibles,Items,Barter,Collectibles
Inca_Vase,Inca Vase,Inventory.Items.Barter.Collectibles.Inca Vase,Items.Barter.Collectibles,Items,Barter,Collectibles
Luxury_Tobacco_Cigar,Luxury Tobacco Cigar,Inventory.Items.Barter.Collectibles.Luxury Tobacco Cigar,Items.Barter.Collectibles,Items,Barter,Collectibles
Matryoshka,Matryoshka,Inventory.Items.Barter.Collectibles.Matryoshka,Items.Barter.Collectibles,Items,Barter,Collectibles
Puzzle_Cube,Puzzle Cube,Inventory.Items.Barter.Collectibles.Puzzle Cube,Items.Barter.Collectibles,Items,Barter,Collectibles
Silver_Pearls,Silver Pearls,Inventory.Items.Barter.Collectibles.Silver Pearls,Items.Barter.Collectibles,Items,Barter,Collectibles
Soccer_Trophy,Soccer Trophy,Inventory.Items.Barter.Collectibles.Soccer Trophy,Items.Barter.Collectibles,Items,Barter,Collectibles
Soviet_Figure,Soviet Figure,Inventory.Items.Barter.Collectibles.Soviet Figure,Items.Barter.Collectibles,Items,Barter,Collectibles
Battery_18650,Battery 18650,Inventory.Items.Barter.Electronics.Battery 18650,Items.Barter.Electronics,Items,Barter,Electronics
Battery_Car,Battery Car,Inventory.Items.Barter.Electronics.Battery Car,Items.Barter.Electronics,Items,Barter,Electronics
Battery_PP3,Battery PP3,Inventory.Items.Barter.Electronics.Battery PP3,Items.Barter.Electronics,Items,Barter,Electronics
DLSR_Camera,DLSR Camera,Inventory.Items.Barter.Electronics.DLSR Camera,Items.Barter.Electronics,Items,Barter,Electronics
Field_Radio,Field Radio,Inventory.Items.Barter.Electronics.Field Radio,Items.Barter.Electronics,Items,Barter,Electronics
Generator,Generator,Inventory.Items.Barter.Electronics.Generator,Items.Barter.Electronics,Items,Barter,Electronics
Graphics_Card,Graphics Card,Inventory.Items.Barter.Electronics.Graphics Card,Items.Barter.Electronics,Items,Barter,Electronics
Hard_Drive,Hard Drive,Inventory.Items.Barter.Electronics.Hard Drive,Items.Barter.Electronics,Items,Barter,Electronics
HDMI_Cable,HDMI Cable,Inventory.Items.Barter.Electronics.HDMI Cable,Items.Barter.Electronics,Items,Barter,Electronics
Kestrel_5700X,Kestrel 5700X,Inventory.Items.Barter.Electronics.Kestrel 5700X,Items.Barter.Electronics,Items,Barter,Electronics
Military_Laptop,Military Laptop,Inventory.Items.Barter.Electronics.Military Laptop,Items.Barter.Electronics,Items,Barter,Electronics
Military_Radio,Military Radio,Inventory.Items.Barter.Electronics.Military Radio,Items.Barter.Electronics,Items,Barter,Electronics
Mining_Battery,Mining Battery,Inventory.Items.Barter.Electronics.Mining Battery,Items.Barter.Electronics,Items,Barter,Electronics
Motherboard,Motherboard,Inventory.Items.Barter.Electronics.Motherboard,Items.Barter.Electronics,Items,Barter,Electronics
Old_Communicator,Old Communicator,Inventory.Items.Barter.Electronics.Old Communicator,Items.Barter.Electronics,Items,Barter,Electronics
Old_Flashlight,Old Flashlight,Inventory.Items.Barter.Electronics.Old Flashlight,Items.Barter.Electronics,Items,Barter,Electronics
Old_Radio,Old Radio,Inventory.Items.Barter.Electronics.Old Radio,Items.Barter.Electronics,Items,Barter,Electronics
Power_Cable,Power Cable,Inventory.Items.Barter.Electronics.Power Cable,Items.Barter.Electronics,Items,Barter,Electronics
Rebar_Cutter,Rebar Cutter,Inventory.Items.Barter.Electronics.Rebar Cutter,Items.Barter.Electronics,Items,Barter,Electronics
Spotlight,Spotlight,Inventory.Items.Barter.Electronics.Spotlight,Items.Barter.Electronics,Items,Barter,Electronics
Walkie_Talkie,Walkie Talkie,Inventory.Items.Barter.Electronics.Walkie Talkie,Items.Barter.Electronics,Items,Barter,Electronics
Bathroom_Cleaner,Bathroom Cleaner,Inventory.Items.Barter.Household Items.Bathroom Cleaner,Items.Barter.Household Items,Items,Barter,Household Items
Bed_Roll,Bed Roll,Inventory.Items.Barter.Household Items.Bed Roll,Items.Barter.Household Items,Items,Barter,Household Items
Beer,Beer,Inventory.Items.Barter.Household Items.Beer,Items.Barter.Household Items,Items,Barter,Household Items
Canteen,Canteen,Inventory.Items.Barter.Household Items.Canteen,Items.Barter.Household Items,Items,Barter,Household Items
Collagen,Collagen,Inventory.Items.Barter.Household Items.Collagen,Items.Barter.Household Items,Items,Barter,Household Items
Crackers,Crackers,Inventory.Items.Barter.Household Items.Crackers,Items.Barter.Household Items,Items,Barter,Household Items
Cream_Style_Corn,Cream Style Corn,Inventory.Items.Barter.Household Items.Cream Style Corn,Items.Barter.Household Items,Items,Barter,Household Items
Food_Container,Food Container,Inventory.Items.Barter.Household Items.Food Container,Items.Barter.Household Items,Items,Barter,Household Items
Marker,Marker,Inventory.Items.Barter.Household Items.Marker,Items.Barter.Household Items,Items,Barter,Household Items
Milk,Milk,Inventory.Items.Barter.Household Items.Milk,Items.Barter.Household Items,Items,Barter,Household Items
Old_Chemical_Bottle,Old Chemical Bottle,Inventory.Items.Barter.Household Items.Old Chemical Bottle,Items.Barter.Household Items,Items,Barter,Household Items
Paintbrush,Paintbrush,Inventory.Items.Barter.Household Items.Paintbrush,Items.Barter.Household Items,Items,Barter,Household Items
Peaches,Peaches,Inventory.Items.Barter.Household Items.Peaches,Items.Barter.Household Items,Items,Barter,Household Items
Polishing_Oil,Polishing Oil,Inventory.Items.Barter.Household Items.Polishing Oil,Items.Barter.Household Items,Items,Barter,Household Items
Prepped_Meal,Prepped Meal,Inventory.Items.Barter.Household Items.Prepped Meal,Items.Barter.Household Items,Items,Barter,Household Items
Rope,Rope,Inventory.Items.Barter.Household Items.Rope,Items.Barter.Household Items,Items,Barter,Household Items
Shampoo,Shampoo,Inventory.Items.Barter.Household Items.Shampoo,Items.Barter.Household Items,Items,Barter,Household Items
Shaving_Cream,Shaving Cream,Inventory.Items.Barter.Household Items.Shaving Cream,Items.Barter.Household Items,Items,Barter,Household Items
Smack_Hack,Smack Hack,Inventory.Items.Barter.Household Items.Smack Hack,Items.Barter.Household Items,Items,Barter,Household Items
Soap,Soap,Inventory.Items.Barter.Household Items.Soap,Items.Barter.Household Items,Items,Barter,Household Items
Spraycan,Spraycan,Inventory.Items.Barter.Household Items.Spraycan,Items.Barter.Household Items,Items,Barter,Household Items
Tuna,Tuna,Inventory.Items.Barter.Household Items.Tuna,Items.Barter.Household Items,Items,Barter,Household Items
Vodka,Vodka,Inventory.Items.Barter.Household Items.Vodka,Items.Barter.Household Items,Items,Barter,Household Items
Bolt_Cutter,Bolt Cutter,Inventory.Items.Barter.Tools.Bolt Cutter,Items.Barter.Tools,Items,Barter,Tools
Clamp,Clamp,Inventory.Items.Barter.Tools.Clamp,Items.Barter.Tools,Items,Barter,Tools
Duct_Tape,Duct Tape,Inventory.Items.Barter.Tools.Duct Tape,Items.Barter.Tools,Items,Barter,Tools
Fan,Fan,Inventory.Items.Barter.Tools.Fan,Items.Barter.Tools,Items,Barter,Tools
Fuel,Fuel,Inventory.Items.Barter.Tools.Fuel,Items.Barter.Tools,Items,Barter,Tools
Gas_Can,Gas Can,Inventory.Items.Barter.Tools.Gas Can,Items.Barter.Tools,Items,Barter,Tools
Hammer,Hammer,Inventory.Items.Barter.Tools.Hammer,Items.Barter.Tools,Items,Barter,Tools
Nails,Nails,Inventory.Items.Barter.Tools.Nails,Items.Barter.Tools,Items,Barter,Tools
Plastic_Wire_Spool,Plastic Wire Spool,Inventory.Items.Barter.Tools.Plastic Wire Spool,Items.Barter.Tools,Items,Barter,Tools
Saw,Saw,Inventory.Items.Barter.Tools.Saw,Items.Barter.Tools,Items,Barter,Tools
Staple_Gun,Staple Gun,Inventory.Items.Barter.Tools.Staple Gun,Items.Barter.Tools,Items,Barter,Tools
Toolbox,Toolbox,Inventory.Items.Barter.Tools.Toolbox,Items.Barter.Tools,Items,Barter,Tools
Cash,Cash,Inventory.Items.Currency.Cash,Items.Currency.Cash,Inventory,Items,Currency
Marked_Coin,Marked Coin,Inventory.Items.Currency.Marked Coin,Items.Currency.Marked Coin,Inventory,Items,Currency
TactiNav_Communicator_X-7,TactiNav Communicator X-7,Inventory.Items.Gadgets.GCPS.TactiNav Communicator X-7,Items.Gadgets.GCPS,Items,Gadgets,GCPS
AVS_PL_SGT_Vest,AVS PL SGT Vest,Inventory.Items.Gear.Armored Rig.AVS PL SGT Vest,Items.Gear.Armored Rig,Items,Gear,Armored Rig
AVS_Rifleman_V4_Vest,AVS Rifleman V4 Vest,Inventory.Items.Gear.Armored Rig.AVS Rifleman V4 Vest,Items.Gear.Armored Rig,Items,Gear,Armored Rig
AVS_SL_Vest,AVS SL Vest,Inventory.Items.Gear.Armored Rig.AVS SL Vest,Items.Gear.Armored Rig,Items,Gear,Armored Rig
JTAC_V1_Nguyin_Edition_Armored_Rig,JTAC V1 Nguyin Edition Armored Rig,Inventory.Items.Gear.Armored Rig.JTAC V1 Nguyin Edition Armored Rig,Items.Gear.Armored Rig,Items,Gear,Armored Rig
JTAC_V1_Vest,JTAC V1 Vest,Inventory.Items.Gear.Armored Rig.JTAC V1 Vest,Items.Gear.Armored Rig,Items,Gear,Armored Rig
LBT_Breacher_V1,LBT Breacher V1,Inventory.Items.Gear.Armored Rig.LBT Breacher V1,Items.Gear.Armored Rig,Items,Gear,Armored Rig
LBT_MED_V1_Armored_Rig,LBT MED V1 Armored Rig,Inventory.Items.Gear.Armored Rig.LBT MED V1 Armored Rig,Items.Gear.Armored Rig,Items,Gear,Armored Rig
Spiritus_LV119_Armored_Rig,Spiritus LV119 Armored Rig,Inventory.Items.Gear.Armored Rig.Spiritus LV119 Armored Rig,Items.Gear.Armored Rig,Items,Gear,Armored Rig
Wartech-TV-110_Armored_Rig,Wartech-TV-110 Armored Rig,Inventory.Items.Gear.Armored Rig.Wartech-TV-110 Armored Rig,Items.Gear.Armored Rig,Items,Gear,Armored Rig
ADA_Assault_Backpack,ADA Assault Backpack,Inventory.Items.Gear.Backpack.ADA Assault Backpack,Items.Gear.Backpack,Items,Gear,Backpack
AVS_CRYE_Precision_Backpack,AVS CRYE Precision Backpack,Inventory.Items.Gear.Backpack.AVS CRYE Precision Backpack,Items.Gear.Backpack,Items,Gear,Backpack
AVS_Delta_Backpack,AVS Delta Backpack,Inventory.Items.Gear.Backpack.AVS Delta Backpack,Items.Gear.Backpack,Items,Gear,Backpack
AVS_Mini_Backpack,AVS Mini Backpack,Inventory.Items.Gear.Backpack.AVS Mini Backpack,Items.Gear.Backpack,Items,Gear,Backpack
Backpack_1,Backpack 1,Inventory.Items.Gear.Backpack.Backpack 1,Items.Gear.Backpack,Items,Gear,Backpack
CamelBak_Backpack,CamelBak Backpack,Inventory.Items.Gear.Backpack.CamelBak Backpack,Items.Gear.Backpack,Items,Gear,Backpack
F2_Bergen_Backpack,F2 Bergen Backpack,Inventory.Items.Gear.Backpack.F2 Bergen Backpack,Items.Gear.Backpack,Items,Gear,Backpack
Mystery_Ranch_SALT_Backpack,Mystery Ranch SALT Backpack,Inventory.Items.Gear.Backpack.Mystery Ranch SALT Backpack,Items.Gear.Backpack,Items,Gear,Backpack
Tactical_Belt,Tactical Belt,Inventory.Items.Gear.Belt.Tactical Belt,Items.Gear.Belt,Items,Gear,Belt
HHV_Helmet,HHV Helmet,Inventory.Items.Gear.Helmet.HHV Helmet,Items.Gear.Helmet,Items,Gear,Helmet
High_Cut_LSHZ_Helmet,High Cut LSHZ Helmet,Inventory.Items.Gear.Helmet.High Cut LSHZ Helmet,Items.Gear.Helmet,Items,Gear,Helmet
Kiver_RSP_Helmet,Kiver RSP Helmet,Inventory.Items.Gear.Helmet.Kiver RSP Helmet,Items.Gear.Helmet,Items,Gear,Helmet
Kiver_RSP_Nguyin_Edition_Helmet,Kiver RSP Nguyin Edition Helmet,Inventory.Items.Gear.Helmet.Kiver RSP Nguyin Edition Helmet,Items.Gear.Helmet,Items,Gear,Helmet
MICH_2000,MICH 2000,Inventory.Items.Gear.Helmet.MICH 2000,Items.Gear.Helmet,Items,Gear,Helmet
Ops-Core_FAST_Bump_Helmet,Ops-Core FAST Bump Helmet,Inventory.Items.Gear.Helmet.Ops-Core FAST Bump Helmet,Items.Gear.Helmet,Items,Gear,Helmet
SESTAN-BUSCH_BK-3_Helmet,SESTAN-BUSCH BK-3 Helmet,Inventory.Items.Gear.Helmet.SESTAN-BUSCH BK-3 Helmet,Items.Gear.Helmet,Items,Gear,Helmet
Super_High_Cut_Ops_Core_Fast_MT_V1_Helmet,Super High Cut Ops Core Fast MT V1 Helmet,Inventory.Items.Gear.Helmet.Super High Cut Ops Core Fast MT V1 Helmet,Items.Gear.Helmet,Items,Gear,Helmet
Team_Wendy_EXFIL_Helmet,Team Wendy EXFIL Helmet,Inventory.Items.Gear.Helmet.Team Wendy EXFIL Helmet,Items.Gear.Helmet,Items,Gear,Helmet
PVS_31s_Night_Vision_Goggles,PVS 31s Night Vision Goggles,Inventory.Items.Gear.Night Vision.PVS 31s Night Vision Goggles,Items.Gear.Night Vision,Items,Gear,Night Vision
AVS_Plate_Carrier,AVS Plate Carrier,Inventory.Items.Gear.Plate Carrier.AVS Plate Carrier,Items.Gear.Plate Carrier,Items,Gear,Plate Carrier
JPC_Plate_Carrier,JPC Plate Carrier,Inventory.Items.Gear.Plate Carrier.JPC Plate Carrier,Items.Gear.Plate Carrier,Items,Gear,Plate Carrier
MSV_Plate_Carrier,MSV Plate Carrier,Inventory.Items.Gear.Plate Carrier.MSV Plate Carrier,Items.Gear.Plate Carrier,Items,Gear,Plate Carrier
Paraclete_Origin_Plate_Carrier,Paraclete Origin Plate Carrier,Inventory.Items.Gear.Plate Carrier.Paraclete Origin Plate Carrier,Items.Gear.Plate Carrier,Items,Gear,Plate Carrier
The_Slickster_Plate_Carrier,The Slickster Plate Carrier,Inventory.Items.Gear.Plate Carrier.The Slickster Plate Carrier,Items.Gear.Plate Carrier,Items,Gear,Plate Carrier
D3CRM_Unarmored_Rig,D3CRM Unarmored Rig,Inventory.Items.Gear.Unarmored Rig.D3CRM Unarmored Rig,Items.Gear.Unarmored Rig,Items,Gear,Unarmored Rig
D3CRX_Unarmored_Rig,D3CRX Unarmored Rig,Inventory.Items.Gear.Unarmored Rig.D3CRX Unarmored Rig,Items.Gear.Unarmored Rig,Items,Gear,Unarmored Rig
Vest_Virtus_Unarmored_Rig,Vest Virtus Unarmored Rig,Inventory.Items.Gear.Unarmored Rig.Vest Virtus Unarmored Rig,Items.Gear.Unarmored Rig,Items,Gear,Unarmored Rig
Compact_Safe_Key,Compact Safe Key,Inventory.Items.Keys.Bunker.Compact Safe Key,Items.Keys.Bunker,Items,Keys,Bunker
Elevator_Room,Elevator Room,Inventory.Items.Keys.Bunker.Elevator Room,Items.Keys.Bunker,Items,Keys,Bunker
Extraction_Room_Key,Extraction Room Key,Inventory.Items.Keys.Bunker.Extraction Room Key,Items.Keys.Bunker,Items,Keys,Bunker
General_Bunker_Key,General Bunker Key,Inventory.Items.Keys.Bunker.General Bunker Key,Items.Keys.Bunker,Items,Keys,Bunker
Large_Safe_Key,Large Safe Key,Inventory.Items.Keys.Bunker.Large Safe Key,Items.Keys.Bunker,Items,Keys,Bunker
Compact_Safe_Key,Compact Safe Key,Inventory.Items.Keys.Quarry.Compact Safe Key,Items.Keys.Quarry,Items,Keys,Quarry
General_Key,General Key,Inventory.Items.Keys.Quarry.General Key,Items.Keys.Quarry,Items,Keys,Quarry
Large_Safe_Key,Large Safe Key,Inventory.Items.Keys.Quarry.Large Safe Key,Items.Keys.Quarry,Items,Keys,Quarry
Bandage,Bandage,Inventory.Items.Medical.Bandage,Items.Medical.Bandage,Inventory,Items,Medical
Health_Injector,Health Injector,Inventory.Items.Medical.Health Injector,Items.Medical.Health Injector,Inventory,Items,Medical
Painkiller,Painkiller,Inventory.Items.Medical.Painkiller,Items.Medical.Painkiller,Inventory,Items,Medical
Revive_Syringe,Revive Syringe,Inventory.Items.Medical.Revive Syringe,Items.Medical.Revive Syringe,Inventory,Items,Medical
Bomb,Bomb,Inventory.Items.Quest.Bomb,Items.Quest.Bomb,Inventory,Items,Quest
Bug,Bug,Inventory.Items.Quest.Bug,Items.Quest.Bug,Inventory,Items,Quest
Intel_A,Intel A,Inventory.Items.Quest.Defense.Intel A,Items.Quest.Defense,Items,Quest,Defense
Intel_B,Intel B,Inventory.Items.Quest.Defense.Intel B,Items.Quest.Defense,Items,Quest,Defense
Intel_C,Intel C,Inventory.Items.Quest.Defense.Intel C,Items.Quest.Defense,Items,Quest,Defense
Intel_D,Intel D,Inventory.Items.Quest.Defense.Intel D,Items.Quest.Defense,Items,Quest,Defense
Jammer,Jammer,Inventory.Items.Quest.Jammer,Items.Quest.Jammer,Inventory,Items,Quest
Key_Card_A,Key Card A,Inventory.Items.Quest.Key Cards.Key Card A,Items.Quest.Key Cards,Items,Quest,Key Cards
Misc,Misc,Inventory.Items.Quest.Misc,Items.Quest.Misc,Inventory,Items,Quest
Operation_Plans,Operation Plans,Inventory.Items.Quest.Operation Plans,Items.Quest.Operation Plans,Inventory,Items,Quest
Operation_Plan_A,Operation Plan A,Inventory.Items.Quest.Operation Plans.Operation Plan A,Items.Quest.Operation Plans,Items,Quest,Operation Plans
Operation_Plan_B,Operation Plan B,Inventory.Items.Quest.Operation Plans.Operation Plan B,Items.Quest.Operation Plans,Items,Quest,Operation Plans
Operation_Plan_C,Operation Plan C,Inventory.Items.Quest.Operation Plans.Operation Plan C,Items.Quest.Operation Plans,Items,Quest,Operation Plans
FN_SCAR-H,FN SCAR-H,Inventory.Items.Weapons.Dmr.FN SCAR-H,Items.Weapons.Dmr,Items,Weapons,Dmr
SVDS,SVDS,Inventory.Items.Weapons.Dmr.SVDS,Items.Weapons.Dmr,Items,Weapons,Dmr
RPK-74,RPK-74,Inventory.Items.Weapons.Lmg.RPK-74,Items.Weapons.Lmg,Items,Weapons,Lmg
FN_Five_Seven,FN Five Seven,Inventory.Items.Weapons.Pistol.FN Five Seven,Items.Weapons.Pistol,Items,Weapons,Pistol
Glock_19,Glock 19,Inventory.Items.Weapons.Pistol.Glock 19,Items.Weapons.Pistol,Items,Weapons,Pistol
P320,P320,Inventory.Items.Weapons.Pistol.P320,Items.Weapons.Pistol,Items,Weapons,Pistol
QSZ-92,QSZ-92,Inventory.Items.Weapons.Pistol.QSZ-92,Items.Weapons.Pistol,Items,Weapons,Pistol
AK-12,AK-12,Inventory.Items.Weapons.Rifle.AK-12,Items.Weapons.Rifle,Items,Weapons,Rifle
AK-101,AK-101,Inventory.Items.Weapons.Rifle.AK-101,Items.Weapons.Rifle,Items,Weapons,Rifle
AK-102,AK-102,Inventory.Items.Weapons.Rifle.AK-102,Items.Weapons.Rifle,Items,Weapons,Rifle
AK-103,AK-103,Inventory.Items.Weapons.Rifle.AK-103,Items.Weapons.Rifle,Items,Weapons,Rifle
AK-104,AK-104,Inventory.Items.Weapons.Rifle.AK-104,Items.Weapons.Rifle,Items,Weapons,Rifle
AK-105,AK-105,Inventory.Items.Weapons.Rifle.AK-105,Items.Weapons.Rifle,Items,Weapons,Rifle
AK-74M,AK-74M,Inventory.Items.Weapons.Rifle.AK-74M,Items.Weapons.Rifle,Items,Weapons,Rifle
AKS-74,AKS-74,Inventory.Items.Weapons.Rifle.AKS-74,Items.Weapons.Rifle,Items,Weapons,Rifle
AKS-74U,AKS-74U,Inventory.Items.Weapons.Rifle.AKS-74U,Items.Weapons.Rifle,Items,Weapons,Rifle
AUG_A1,AUG A1,Inventory.Items.Weapons.Rifle.AUG A1,Items.Weapons.Rifle,Items,Weapons,Rifle
AUG_A3,AUG A3,Inventory.Items.Weapons.Rifle.AUG A3,Items.Weapons.Rifle,Items,Weapons,Rifle
Colt_M4A1,Colt M4A1,Inventory.Items.Weapons.Rifle.Colt M4A1,Items.Weapons.Rifle,Items,Weapons,Rifle
FN_FAL,FN FAL,Inventory.Items.Weapons.Rifle.FN FAL,Items.Weapons.Rifle,Items,Weapons,Rifle
FN_SCAR-L,FN SCAR-L,Inventory.Items.Weapons.Rifle.FN SCAR-L,Items.Weapons.Rifle,Items,Weapons,Rifle
Norinco_QBZ-97,Norinco QBZ-97,Inventory.Items.Weapons.Rifle.Norinco QBZ-97,Items.Weapons.Rifle,Items,Weapons,Rifle
Sig_Sauer_MCX_Rattler,Sig Sauer MCX Rattler,Inventory.Items.Weapons.Rifle.Sig Sauer MCX Rattler,Items.Weapons.Rifle,Items,Weapons,Rifle
Sig_Sauer_MCX_Virtus,Sig Sauer MCX Virtus,Inventory.Items.Weapons.Rifle.Sig Sauer MCX Virtus,Items.Weapons.Rifle,Items,Weapons,Rifle
STV-380,STV-380,Inventory.Items.Weapons.Rifle.STV-380,Items.Weapons.Rifle,Items,Weapons,Rifle
Benelli_M2,Benelli M2,Inventory.Items.Weapons.Shotgun.Benelli M2,Items.Weapons.Shotgun,Items,Weapons,Shotgun
RIA_VR80,RIA VR80,Inventory.Items.Weapons.Shotgun.RIA VR80,Items.Weapons.Shotgun,Items,Weapons,Shotgun
FN_P90,FN P90,Inventory.Items.Weapons.Smg.FN P90,Items.Weapons.Smg,Items,Weapons,Smg
KRISS_Vector_45ACP,KRISS Vector 45ACP,Inventory.Items.Weapons.Smg.KRISS Vector 45ACP,Items.Weapons.Smg,Items,Weapons,Smg
MP5,MP5,Inventory.Items.Weapons.Smg.MP5,Items.Weapons.Smg,Items,Weapons,Smg
MP5k,MP5k,Inventory.Items.Weapons.Smg.MP5k,Items.Weapons.Smg,Items,Weapons,Smg
MP5SD,MP5SD,Inventory.Items.Weapons.Smg.MP5SD,Items.Weapons.Smg,Items,Weapons,Smg
PP-19_Vitayz,PP-19 Vitayz,Inventory.Items.Weapons.Smg.PP-19 Vitayz,Items.Weapons.Smg,Items,Weapons,Smg
Remington_M700,Remington M700,Inventory.Items.Weapons.SniperRifle.Remington M700,Items.Weapons.SniperRifle,Items,Weapons,SniperRifle
SKS,SKS,Inventory.Items.Weapons.SniperRifle.SKS,Items.Weapons.SniperRifle,Items,Weapons,SniperRifle
SRS_A2,SRS A2,Inventory.Items.Weapons.SniperRifle.SRS A2,Items.Weapons.SniperRifle,Items,Weapons,SniperRifle
